-- phpMyAdmin SQL Dump
-- version 4.1.14
-- http://www.phpmyadmin.net
--
-- Servidor: 127.0.0.1
-- Tiempo de generación: 20-09-2016 a las 17:34:25
-- Versión del servidor: 5.6.17
-- Versión de PHP: 5.5.12

SET SQL_MODE = "NO_AUTO_VALUE_ON_ZERO";
SET time_zone = "+00:00";


/*!40101 SET @OLD_CHARACTER_SET_CLIENT=@@CHARACTER_SET_CLIENT */;
/*!40101 SET @OLD_CHARACTER_SET_RESULTS=@@CHARACTER_SET_RESULTS */;
/*!40101 SET @OLD_COLLATION_CONNECTION=@@COLLATION_CONNECTION */;
/*!40101 SET NAMES utf8 */;

--
-- Base de datos: `lsc`
--

-- --------------------------------------------------------

--
-- Estructura de tabla para la tabla `activity`
--

CREATE TABLE IF NOT EXISTS `activity` (
  `idActivity` int(255) NOT NULL,
  `activityName` varchar(255) NOT NULL,
  `category` int(255) NOT NULL,
  PRIMARY KEY (`idActivity`),
  KEY `categoryForeignKeyActivity` (`category`)
) ENGINE=InnoDB DEFAULT CHARSET=latin1;

--
-- Volcado de datos para la tabla `activity`
--

INSERT INTO `activity` (`idActivity`, `activityName`, `category`) VALUES
(1, 'alfabeto/alfabeto/alphabet', 4),
(2, 'vocales/vogais/vowels', 4),
(3, 'consonantes/consoantes/consonants', 4),
(4, 'números/números/nums', 8),
(5, 'acciones/ações/actions', 1),
(6, 'acciones/ações/actions', 1),
(7, 'alimentos/comida/foods', 2),
(8, 'frutas/frutas/fruits', 2),
(9, 'verduras/verduras/vegetables', 2),
(10, 'días/dias/days', 3),
(11, 'meses/meses/months', 3),
(12, 'colores/cores/colors', 6),
(13, 'lugares/lugares/places', 9),
(14, 'de vestir/de vestir/drees', 11),
(15, 'elementos/elementos/elements', 7),
(16, 'familia/família/family', 15),
(17, 'prefesiones/profissões/proffesions', 12),
(18, 'enfermedades/enfermedades/diseases', 10),
(19, 'valores/valores/values', 14),
(20, 'preguntas/interrogatorio/questions', 13),
(21, 'anatomía/anatomia/anatomy', 5),
(22, 'invertebrados/invertebrados/invertebrates', 5),
(23, 'naturaleza/natureza/nature', 5),
(24, 'animales/animais/animals', 5);

-- --------------------------------------------------------

--
-- Estructura de tabla para la tabla `audiobyitem`
--

CREATE TABLE IF NOT EXISTS `audiobyitem` (
  `idAudioByItem` int(255) NOT NULL,
  `audiosourceesp` varchar(255) NOT NULL,
  `audiosourcepor` varchar(255) NOT NULL,
  `audiosourceeng` varchar(255) NOT NULL,
  `item` int(255) NOT NULL,
  PRIMARY KEY (`idAudioByItem`),
  KEY `itemForeignKeyAudio` (`item`)
) ENGINE=InnoDB DEFAULT CHARSET=latin1;

--
-- Volcado de datos para la tabla `audiobyitem`
--

INSERT INTO `audiobyitem` (`idAudioByItem`, `audiosourceesp`, `audiosourcepor`, `audiosourceeng`, `item`) VALUES
(1, 'audios/ESP/Alfabeto/a_esp.mp3', 'audios/POR/Alfabeto/a_por.mp3', 'audios/ENG/Alfabeto/a_eng.mp3', 1),
(2, 'audios/ESP/Alfabeto/b_esp.mp3', 'audios/POR/Alfabeto/b_por.mp3', 'audios/ENG/Alfabeto/b_eng.mp3', 2),
(3, 'audios/ESP/Alfabeto/c_esp.mp3', 'audios/POR/Alfabeto/c_por.mp3', 'audios/ENG/Alfabeto/c_eng.mp3', 3),
(4, 'audios/ESP/Alfabeto/d_esp.mp3', 'audios/POR/Alfabeto/d_por.mp3', 'audios/ENG/Alfabeto/d_eng.mp3', 4),
(5, 'audios/ESP/Alfabeto/e_esp.mp3', 'audios/POR/Alfabeto/e_por.mp3', 'audios/ENG/Alfabeto/e_eng.mp3', 5),
(6, 'audios/ESP/Alfabeto/f_esp.mp3', 'audios/POR/Alfabeto/f_por.mp3', 'audios/ENG/Alfabeto/f_eng.mp3', 6),
(7, 'audios/ESP/Alfabeto/g_esp.mp3', 'audios/POR/Alfabeto/g_por.mp3', 'audios/ENG/Alfabeto/g_eng.mp3', 7),
(8, 'audios/ESP/Alfabeto/h_esp.mp3', 'audios/POR/Alfabeto/h_por.mp3', 'audios/ENG/Alfabeto/h_eng.mp3', 8),
(9, 'audios/ESP/Alfabeto/i_esp.mp3', 'audios/POR/Alfabeto/i_por.mp3', 'audios/ENG/Alfabeto/i_eng.mp3', 9),
(10, 'audios/ESP/Alfabeto/j_esp.mp3', 'audios/POR/Alfabeto/j_por.mp3', 'audios/ENG/Alfabeto/j_eng.mp3', 10),
(11, 'audios/ESP/Alfabeto/k_esp.mp3', 'audios/POR/Alfabeto/k_por.mp3', 'audios/ENG/Alfabeto/k_eng.mp3', 11),
(12, 'audios/ESP/Alfabeto/l_esp.mp3', 'audios/POR/Alfabeto/l_por.mp3', 'audios/ENG/Alfabeto/l_eng.mp3', 12),
(13, 'audios/ESP/Alfabeto/m_esp.mp3', 'audios/POR/Alfabeto/m_por.mp3', 'audios/ENG/Alfabeto/m_eng.mp3', 13),
(14, 'audios/ESP/Alfabeto/n_esp.mp3', 'audios/POR/Alfabeto/n_por.mp3', 'audios/ENG/Alfabeto/n_eng.mp3', 14),
(15, 'audios/ESP/Alfabeto/o_esp.mp3', 'audios/POR/Alfabeto/o_por.mp3', 'audios/ENG/Alfabeto/o_eng.mp3', 15),
(16, 'audios/ESP/Alfabeto/p_esp.mp3', 'audios/POR/Alfabeto/p_por.mp3', 'audios/ENG/Alfabeto/p_eng.mp3', 16),
(17, 'audios/ESP/Alfabeto/q_esp.mp3', 'audios/POR/Alfabeto/q_por.mp3', 'audios/ENG/Alfabeto/q_eng.mp3', 17),
(18, 'audios/ESP/Alfabeto/r_esp.mp3', 'audios/POR/Alfabeto/r_por.mp3', 'audios/ENG/Alfabeto/r_eng.mp3', 18),
(19, 'audios/ESP/Alfabeto/s_esp.mp3', 'audios/POR/Alfabeto/s_por.mp3', 'audios/ENG/Alfabeto/s_eng.mp3', 19),
(20, 'audios/ESP/Alfabeto/t_esp.mp3', 'audios/POR/Alfabeto/t_por.mp3', 'audios/ENG/Alfabeto/t_eng.mp3', 20),
(21, 'audios/ESP/Alfabeto/u_esp.mp3', 'audios/POR/Alfabeto/u_por.mp3', 'audios/ENG/Alfabeto/u_eng.mp3', 21),
(22, 'audios/ESP/Alfabeto/v_esp.mp3', 'audios/POR/Alfabeto/v_por.mp3', 'audios/ENG/Alfabeto/v_eng.mp3', 22),
(23, 'audios/ESP/Alfabeto/w_esp.mp3', 'audios/POR/Alfabeto/w_por.mp3', 'audios/ENG/Alfabeto/w_eng.mp3', 23),
(24, 'audios/ESP/Alfabeto/x_esp.mp3', 'audios/POR/Alfabeto/x_por.mp3', 'audios/ENG/Alfabeto/x_eng.mp3', 24),
(25, 'audios/ESP/Alfabeto/y_esp.mp3', 'audios/POR/Alfabeto/y_por.mp3', 'audios/ENG/Alfabeto/y_eng.mp3', 25),
(26, 'audios/ESP/Alfabeto/z_esp.mp3', 'audios/POR/Alfabeto/z_por.mp3', 'audios/ENG/Alfabeto/z_eng.mp3', 26),
(27, 'audios/ESP/Nums/cero_esp.mp3', 'audios/POR/Nums/zero_por.mp3', 'audios/ENG/Nums/zero_eng.mp3', 27),
(28, 'audios/ESP/Nums/uno_esp.mp3', 'audios/POR/Nums/um_por.mp3', 'audios/ENG/Nums/one_eng.mp3', 28),
(29, 'audios/ESP/Nums/dos_esp.mp3', 'audios/POR/Nums/dois_por.mp3', 'audios/ENG/Nums/two_eng.mp3', 29),
(30, 'audios/ESP/Nums/tres_esp.mp3', 'audios/POR/Nums/tres_por.mp3', 'audios/ENG/Nums/three_eng.mp3', 30),
(31, 'audios/ESP/Nums/cuatro_esp.mp3', 'audios/POR/Nums/quatro_por.mp3', 'audios/ENG/Nums/four_eng.mp3', 31),
(32, 'audios/ESP/Nums/cinco_esp.mp3', 'audios/POR/Nums/cinco_por.mp3', 'audios/ENG/Nums/five_eng.mp3', 32),
(33, 'audios/ESP/Nums/seis_esp.mp3', 'audios/POR/Nums/seis_por.mp3', 'audios/ENG/Nums/six_eng.mp3', 33),
(34, 'audios/ESP/Nums/siete_esp.mp3', 'audios/POR/Nums/sete_por.mp3', 'audios/ENG/Nums/seven_eng.mp3', 34),
(35, 'audios/ESP/Nums/ocho_esp.mp3', 'audios/POR/Nums/oito_por.mp3', 'audios/ENG/Nums/eight_eng.mp3', 35),
(36, 'audios/ESP/Nums/nueve_esp.mp3', 'audios/POR/Nums/nove_por.mp3', 'audios/ENG/Nums/nine_eng.mp3', 36),
(37, 'audios/ESP/Nums/diez_esp.mp3', 'audios/POR/Nums/dez_por.mp3', 'audios/ENG/Nums/ten_eng.mp3', 37),
(38, 'audios/ESP/Nums/once_esp.mp3', 'audios/POR/Nums/onze_por.mp3', 'audios/ENG/Nums/eleven_eng.mp3', 38),
(39, 'audios/ESP/Nums/doce_esp.mp3', 'audios/POR/Nums/doze_por.mp3', 'audios/ENG/Nums/twelve_eng.mp3', 39),
(40, 'audios/ESP/Nums/trece_esp.mp3', 'audios/POR/Nums/treze_por.mp3', 'audios/ENG/Nums/thirteen_eng.mp3', 40),
(41, 'audios/ESP/Nums/catorce_esp.mp3', 'audios/POR/Nums/catorze_por.mp3', 'audios/ENG/Nums/fourteen_eng.mp3', 41),
(42, 'audios/ESP/Nums/quince_esp.mp3', 'audios/POR/Nums/quinze_por.mp3', 'audios/ENG/Nums/fifteen_eng.mp3', 42),
(43, 'audios/ESP/Nums/dieciseis_esp.mp3', 'audios/POR/Nums/dezesseis_por.mp3', 'audios/ENG/Nums/sixteen_eng.mp3', 43),
(44, 'audios/ESP/Nums/diecisiete_esp.mp3', 'audios/POR/Nums/dezessete_por.mp3', 'audios/ENG/Nums/seventeen_eng.mp3', 44),
(45, 'audios/ESP/Nums/dieciocho_esp.mp3', 'audios/POR/Nums/dezoito_por.mp3', 'audios/ENG/Nums/eighteen_eng.mp3', 45),
(46, 'audios/ESP/Nums/diecinueve_esp.mp3', 'audios/POR/Nums/dezenove_por.mp3', 'audios/ENG/Nums/nineteen_eng.mp3', 46),
(47, 'audios/ESP/Nums/veinte_esp.mp3', 'audios/POR/Nums/vinte_por.mp3', 'audios/ENG/Nums/twenty_eng.mp3', 47),
(48, 'audios/ESP/Nums/treinta_esp.mp3', 'audios/POR/Nums/trinta_por.mp3', 'audios/ENG/Nums/thirty_eng.mp3', 48),
(49, 'audios/ESP/Nums/cuarenta_esp.mp3', 'audios/POR/Nums/quarenta_por.mp3', 'audios/ENG/Nums/fourty_eng.mp3', 49),
(50, 'audios/ESP/Nums/cincuenta_esp.mp3', 'audios/POR/Nums/cinquenta_por.mp3', 'audios/ENG/Nums/fifty_eng.mp3', 50),
(51, 'audios/ESP/Nums/sesenta_esp.mp3', 'audios/POR/Nums/sessenta_por.mp3', 'audios/ENG/Nums/sixty_eng.mp3', 51),
(52, 'audios/ESP/Nums/setenta_esp.mp3', 'audios/POR/Nums/setenta_por.mp3', 'audios/ENG/Nums/seventy_eng.mp3', 52),
(53, 'audios/ESP/Nums/ochenta_esp.mp3', 'audios/POR/Nums/oitenta_por.mp3', 'audios/ENG/Nums/eighty_eng.mp3', 53),
(54, 'audios/ESP/Nums/noventa_esp.mp3', 'audios/POR/Nums/noventa_por.mp3', 'audios/ENG/Nums/ninety_eng.mp3', 54),
(55, 'audios/ESP/Nums/cien_esp.mp3', 'audios/POR/Nums/cem_por.mp3', 'audios/ENG/Nums/hundred_eng.mp3', 55),
(56, 'audios/ESP/Nums/doscientos_esp.mp3', 'audios/POR/Nums/duzentos_por.mp3', 'audios/ENG/Nums/twohundred_eng.mp3', 56),
(57, 'audios/ESP/Nums/trescientos_esp.mp3', 'audios/POR/Nums/trezentos_por.mp3', 'audios/ENG/Nums/threehundred_eng.mp3', 57),
(58, 'audios/ESP/Nums/cuatrocientos_esp.mp3', 'audios/POR/Nums/quatrocentos_por.mp3', 'audios/ENG/Nums/fourhundred_eng.mp3', 58),
(59, 'audios/ESP/Nums/quinientos_esp.mp3', 'audios/POR/Nums/quinhentos_por.mp3', 'audios/ENG/Nums/fivehundred_eng.mp3', 59),
(60, 'audios/ESP/Nums/seiscientos_esp.mp3', 'audios/POR/Nums/seiscentos_por.mp3', 'audios/ENG/Nums/sixhundred_eng.mp3', 60),
(61, 'audios/ESP/Nums/setecientos_esp.mp3', 'audios/POR/Nums/setecentos_por.mp3', 'audios/ENG/Nums/sevenhundred_eng.mp3', 61),
(62, 'audios/ESP/Nums/ochocientos_esp.mp3', 'audios/POR/Nums/oitocentos_por.mp3', 'audios/ENG/Nums/eighthundred_eng.mp3', 62),
(63, 'audios/ESP/Nums/novecientos_esp.mp3', 'audios/POR/Nums/novecentos_por.mp3', 'audios/ENG/Nums/ninehundred_eng.mp3', 63),
(64, 'audios/ESP/Nums/mil_esp.mp3', 'audios/POR/Nums/mil_por.mp3', 'audios/ENG/Nums/onethousand_eng.mp3', 64),
(65, 'audios/ESP/Nums/dosmil_esp.mp3', 'audios/POR/Nums/doismil_por.mp3', 'audios/ENG/Nums/twothousand_eng.mp3', 65),
(66, 'audios/ESP/Nums/tresmil_esp.mp3', 'audios/POR/Nums/tresmil_por.mp3', 'audios/ENG/Nums/threethousand_eng.mp3', 66),
(67, 'audios/ESP/Nums/cuatromil_esp.mp3', 'audios/POR/Nums/quatromil_por.mp3', 'audios/ENG/Nums/fourthousand_eng.mp3', 67),
(68, 'audios/ESP/Nums/cincomil_esp.mp3', 'audios/POR/Nums/cincomil_por.mp3', 'audios/ENG/Nums/fivethousand_eng.mp3', 68),
(69, 'audios/ESP/Nums/unmillon_esp.mp3', 'audios/POR/Nums/milhao_por.mp3', 'audios/ENG/Nums/onemillion_eng.mp3', 69),
(71, 'audios/ESP/Actions/comprar_esp.mp3', 'audios/POR/Actions/comprar_por.mp3', 'audios/ENG/Actions/tobuy_eng.mp3', 71),
(72, 'audios/ESP/Actions/hablar_esp.mp3', 'audios/POR/Actions/falar_por.mp3', 'audios/ENG/Actions/talk_eng.mp3', 72),
(73, 'audios/ESP/Actions/pagar_esp.mp3', 'audios/POR/Actions/pagar_por.mp3', 'audios/ENG/Actions/pay_eng.mp3', 73),
(74, 'audios/ESP/Actions/salir_esp.mp3', 'audios/POR/Actions/saida_por.mp3', 'audios/ENG/Actions/getout_eng.mp3', 74),
(75, 'audios/ESP/Actions/trasnochar_esp.mp3', 'audios/POR/Actions/ficaratetarde_por.mp3', 'audios/ENG/Actions/stayuplate_eng.mp3', 75),
(76, 'audios/ESP/Actions/visitar_esp.mp3', 'audios/POR/Actions/visita_por.mp3', 'audios/ENG/Actions/tovisit_eng.mp3', 76),
(77, 'audios/ESP/Actions/olvidar_esp.mp3', 'audios/POR/Actions/esquecer_por.mp3', 'audios/ENG/Actions/toforget_eng.mp3', 77),
(78, 'audios/ESP/Actions/necesitar_esp.mp3', 'audios/POR/Actions/precisar_por.mp3', 'audios/ENG/Actions/need_eng.mp3', 78),
(79, 'audios/ESP/Actions/bajar_esp.mp3', 'audios/POR/Actions/baixar_por.mp3', 'audios/ENG/Actions/getlow_eng.mp3', 79),
(80, 'audios/ESP/Actions/acompañar_esp.mp3', 'audios/POR/Actions/acompanhar_por.mp3', 'audios/ENG/Actions/accompany_eng.mp3', 80),
(81, 'audios/ESP/Actions/abrir_cortina_esp.mp3', 'audios/POR/Actions/abrircortina_por.mp3', 'audios/ENG/Actions/opencurtain_eng.mp3', 81),
(82, 'audios/ESP/Actions/adiestrar_esp.mp3', 'audios/POR/Actions/treinar_por.mp3', 'audios/ENG/Actions/totrain_eng.mp3', 82),
(83, 'audios/ESP/Actions/comer_esp.mp3', 'audios/POR/Actions/comer_por.mp3', 'audios/ENG/Actions/eat_eng.mp3', 83),
(84, 'audios/ESP/Actions/evitar_esp.mp3', 'audios/POR/Actions/evitar_por.mp3', 'audios/ENG/Actions/avoid_eng.mp3', 84),
(85, 'audios/ESP/Actions/respetar_esp.mp3', 'audios/POR/Actions/respeitar_por.mp3', 'audios/ENG/Actions/torespect_eng.mp3', 85),
(86, 'audios/ESP/Actions/salvar_esp.mp3', 'audios/POR/Actions/salvar_por.mp3', 'audios/ENG/Actions/save_eng.mp3', 86),
(87, 'audios/ESP/Actions/traer_esp.mp3', 'audios/POR/Actions/trazer_por.mp3', 'audios/ENG/Actions/bring_eng.mp3', 87),
(88, 'audios/ESP/Actions/entender_esp.mp3', 'audios/POR/Actions/entender_por.mp3', 'audios/ENG/Actions/understand_eng.mp3', 88),
(89, 'audios/ESP/Actions/despertar_esp.mp3', 'audios/POR/Actions/acordar_por.mp3', 'audios/ENG/Actions/wakeup_eng.mp3', 89),
(90, 'audios/ESP/Actions/celebrar_esp.mp3', 'audios/POR/Actions/celebrar_por.mp3', 'audios/ENG/Actions/tocelebrate_eng.mp3', 90),
(91, 'audios/ESP/Actions/cambiar_esp.mp3', 'audios/POR/Actions/trocar_por.mp3', 'audios/ENG/Actions/change_eng.mp3', 91),
(92, 'audios/ESP/Actions/absorber_esp.mp3', 'audios/POR/Actions/absorver_por.mp3', 'audios/ENG/Actions/absorb_eng.mp3', 92),
(93, 'audios/ESP/Actions/enseñar_esp.mp3', 'audios/POR/Actions/ensinar_por.mp3', 'audios/ENG/Actions/teach_eng.mp3', 93),
(94, 'audios/ESP/Actions/dibujar_esp.mp3', 'audios/POR/Actions/desenhar_por.mp3', 'audios/ENG/Actions/todraw_eng.mp3', 94),
(95, 'audios/ESP/Actions/correr_esp.mp3', 'audios/POR/Actions/correr_por.mp3', 'audios/ENG/Actions/run_eng.mp3', 95),
(96, 'audios/ESP/Actions/caminar_esp.mp3', 'audios/POR/Actions/andar_por.mp3', 'audios/ENG/Actions/walk_eng.mp3', 96),
(97, 'audios/ESP/Actions/autorizar_esp.mp3', 'audios/POR/Actions/autorizar_por.mp3', 'audios/ENG/Actions/authorize_eng.mp3', 97),
(98, 'audios/ESP/Actions/alcanzar_esp.mp3', 'audios/POR/Actions/alcancar_por.mp3', 'audios/ENG/Actions/reach_eng.mp3', 98),
(99, 'audios/ESP/Actions/cantar_esp.mp3', 'audios/POR/Actions/cantar_por.mp3', 'audios/ENG/Actions/tosing_eng.mp3', 99),
(100, 'audios/ESP/Actions/descansar_esp.mp3', 'audios/POR/Actions/descansar_por.mp3', 'audios/ENG/Actions/rest_eng.mp3', 100),
(101, 'audios/ESP/Actions/colorear_esp.mp3', 'audios/POR/Actions/colorir.mp3', 'audios/ENG/Actions/tocolor_eng.mp3', 101),
(102, 'audios/ESP/Actions/escuchar_esp.mp3', 'audios/POR/Actions/escutar_por.mp3', 'audios/ENG/Actions/listen_eng.mp3', 102),
(103, 'audios/ESP/Actions/nadar_esp.mp3', 'audios/POR/Actions/nadar_por.mp3\n', 'audios/ENG/Actions/swim_eng.mp3\n', 103),
(104, 'audios/ESP/Actions/saltar_esp.mp3', 'audios/POR/Actions/saltar_por.mp3', 'audios/ENG/Actions/jump_eng.mp3', 104),
(105, 'audios/ESP/Actions/vender_esp.mp3', 'audios/POR/Actions/vender_por.mp3', 'audios/ENG/Actions/sell_eng.mp3', 105),
(106, 'audios/ESP/Actions/acariciar_esp.mp3', 'audios/POR/Actions/acariciar_por.mp3', 'audios/ENG/Actions/caress_eng.mp3', 106),
(107, 'audios/ESP/Actions/barrer_esp.mp3', 'audios/POR/Actions/varrer_por.mp3', 'audios/ENG/Actions/sweep_eng.mp3', 107),
(108, 'audios/ESP/Actions/explicar_esp.mp3', 'audios/POR/Actions/explicar_por.mp3', 'audios/ENG/Actions/explain_eng.mp3', 108),
(109, 'audios/ESP/Actions/leer_esp.mp3', 'audios/POR/Actions/ler_por.mp3', 'audios/ENG/Actions/read_eng.mp3', 109),
(110, 'audios/ESP/Actions/participar_esp.mp3', 'audios/POR/Actions/participar_por.mp3', 'audios/ENG/Actions/toparticipate_eng.mp3', 110),
(111, 'audios/ESP/Actions/llamar_por_telefono_esp.mp3', 'audios/POR/Actions/chamarpelotelefone_por.mp3\n', 'audios/ENG/Actions/callbytelephone_eng.mp3', 111),
(112, 'audios/ESP/Actions/extrañar_esp.mp3', 'audios/POR/Actions/perder_por.mp3', 'audios/ENG/Actions/lose_eng.mp3', 112),
(113, 'audios/ESP/Actions/encontrar_esp.mp3', 'audios/POR/Actions/encontrar_por.mp3', 'audios/ENG/Actions/find_eng.mp3', 113),
(114, 'audios/ESP/Actions/continuar_esp.mp3', 'audios/POR/Actions/continuar_por.mp3', 'audios/ENG/Actions/continue_eng.mp3', 114),
(115, 'audios/ESP/Actions/coger_esp.mp3', 'audios/POR/Actions/pegar_por.mp3', 'audios/ENG/Actions/take_eng.mp3', 115),
(116, 'audios/ESP/Actions/avanzar_esp.mp3', 'audios/POR/Actions/avancar_por.mp3', 'audios/ENG/Actions/advance_eng.mp3', 116),
(118, 'audios/ESP/Actions/acomodar_esp.mp3', 'audios/POR/Actions/acomodar_por.mp3', 'audios/ENG/Actions/accommodate_eng.mp3', 118),
(119, 'audios/ESP/Actions/admirar_esp.mp3', 'audios/POR/Actions/admirar_por.mp3', 'audios/ENG/Actions/toadmire_eng.mp3', 119),
(120, 'audios/ESP/Actions/dar_esp.mp3', 'audios/POR/Actions/dar_por.mp3', 'audios/ENG/Actions/togive_eng.mp3', 120),
(121, 'audios/ESP/Actions/jugar_esp.mp3', 'audios/POR/Actions/jogar_por.mp3', 'audios/ENG/Actions/play_eng.mp3', 121),
(122, 'audios/ESP/Actions/oir_esp.mp3', 'audios/POR/Actions/ouvir_por.mp3', 'audios/ENG/Actions/hear_eng.mp3', 122),
(123, 'audios/ESP/Actions/recordar_esp.mp3', 'audios/POR/Actions/lembrar_por.mp3', 'audios/ENG/Actions/remember_eng.mp3', 123),
(124, 'audios/ESP/Actions/vestir_esp.mp3', 'audios/POR/Actions/vestir_por.mp3', 'audios/ENG/Actions/wear_eng.mp3', 124),
(125, 'audios/ESP/Actions/coleccionar_esp.mp3', 'audios/POR/Actions/coletar_por.mp3', 'audios/ENG/Actions/collect_eng.mp3', 125),
(126, 'audios/ESP/Actions/adoptar_esp.mp3', 'audios/POR/Actions/adotar_por.mp3', 'audios/ENG/Actions/adopt_eng.mp3', 126),
(127, 'audios/ESP/Actions/bucear_esp.mp3', 'audios/POR/Actions/mergulhar_por.mp3', 'audios/ENG/Actions/dive_eng.mp3', 127),
(128, 'audios/ESP/Actions/empezar_esp.mp3', 'audios/POR/Actions/comencar_por.mp3', 'audios/ENG/Actions/start_eng.mp3', 128),
(129, 'audios/ESP/Actions/comparar_esp.mp3', 'audios/POR/Actions/comparar_por.mp3', 'audios/ENG/Actions/compare_eng.mp3', 129),
(131, 'audios/ESP/Actions/crecer_esp.mp3', 'audios/POR/Actions/crescer_por.mp3', 'audios/ENG/Actions/grow_eng.mp3', 131),
(132, 'audios/ESP/Actions/escribir_esp.mp3', 'audios/POR/Actions/escrever_por.mp3', 'audios/ENG/Actions/towrite_eng.mp3', 132),
(134, 'audios/ESP/Actions/bromear_esp.mp3', 'audios/POR/Actions/brincar_por.mp3', 'audios/ENG/Actions/joke_eng.mp3', 134),
(135, 'audios/ESP/Actions/confirmar_esp.mp3', 'audios/POR/Actions/confirmar_por.mp3', 'audios/ENG/Actions/confirm_eng.mp3', 135),
(136, 'audios/ESP/Actions/dormir_esp.mp3', 'audios/POR/Actions/dormir_por.mp3', 'audios/ENG/Actions/tosleep_eng.mp3', 136),
(137, 'audios/ESP/Actions/hacer_esp.mp3', 'audios/POR/Actions/fazer_por.mp3', 'audios/ENG/Actions/do_eng.mp3', 137),
(138, 'audios/ESP/Actions/llamar_esp.mp3', 'audios/POR/Actions/chamar_por.mp3', 'audios/ENG/Actions/call_eng.mp3', 138),
(139, 'audios/ESP/Actions/ofrecer_esp.mp3', 'audios/POR/Actions/ofertar_por.mp3', 'audios/ENG/Actions/offer_eng.mp3', 139),
(140, 'audios/ESP/Actions/sentir_esp.mp3', 'audios/POR/Actions/sentir_por.mp3', 'audios/ENG/Actions/tofeel_eng.mp3', 140),
(141, 'audios/ESP/Actions/ver_esp.mp3', 'audios/POR/Actions/ver_por.mp3', 'audios/ENG/Actions/tosee_eng.mp3', 141),
(142, 'audios/ESP/Actions/invitar_esp.mp3', 'audios/POR/Actions/convidar_por.mp3', 'audios/ENG/Actions/toinvite_eng.mp3', 142),
(143, 'audios/ESP/Actions/terminar_esp.mp3', 'audios/POR/Actions/finalizar_por.mp3', 'audios/ENG/Actions/end_eng.mp3', 143),
(144, 'audios/ESP/Actions/limpiar_esp.mp3', 'audios/POR/Actions/limpar_por.mp3', 'audios/ENG/Actions/clean_eng.mp3', 144),
(145, 'audios/ESP/Actions/ayudar_esp.mp3', 'audios/POR/Actions/ajudar_por.mp3', 'audios/ENG/Actions/help_eng.mp3', 145),
(146, 'audios/ESP/Actions/abandonar_esp.mp3', 'audios/POR/Actions/deixar_por.mp3', 'audios/ENG/Actions/leave_eng.mp3', 146),
(147, 'audios/ESP/Actions/bailar_esp.mp3', 'audios/POR/Action/dancar_por.mp3', 'audios/ENG/Actions/todance_eng.mp3', 147),
(148, 'audios/ESP/Actions/enamorar_esp.mp3', 'audios/POR/Actions/namorar_por.mp3', 'audios/ENG/Actions/flirt_eng.mp3', 148),
(149, 'audios/ESP/Actions/estudiar_esp.mp3', 'audios/POR/Actions/estudar_por.mp3', 'audios/ENG/Actions/tostudy_eng.mp3', 149),
(150, 'audios/ESP/Actions/obedecer_esp.mp3', 'audios/POR/Actions/obedecer_por.mp3', 'audios/ENG/Actions/toobey_eng.mp3', 150),
(151, 'audios/ESP/Actions/llorar_esp.mp3', 'audios/POR/Actions/chorar_por.mp3', 'audios/ENG/Actions/cry_eng.mp3', 151),
(152, 'audios/ESP/Actions/repetir_esp.mp3', 'audios/POR/Actions/repetir_por.mp3', 'audios/ENG/Actions/repeat_eng.mp3', 152),
(153, 'audios/ESP/Actions/sentarse_esp.mp3', 'audios/POR/Actions/sentar_por.mp3', 'audios/ENG/Actions/sit_eng.mp3', 153),
(154, 'audios/ESP/Actions/arreglar_esp.mp3', 'audios/POR/Actions/fixar_por.mp3', 'audios/ENG/Actions/fix_eng.mp3', 154),
(155, 'audios/ESP/Actions/avisar_esp.mp3', 'audios/POR/Actions/advertir_por.mp3', 'audios/ENG/Actions/warn_eng.mp3', 155),
(157, 'audios/ESP/Actions/observar_esp.mp3', 'audios/POR/Actions/observar_por.mp3', 'audios/ENG/Actions/observe_eng.mp3', 157),
(158, 'audios/ESP/Actions/opinar_esp.mp3', 'audios/POR/Actions/opinar_por.mp3', 'audios/ENG/Actions/opine_eng.mp3', 158),
(159, 'audios/ESP/Actions/pelear_esp.mp3', 'audios/POR/Actions/brigar_por.mp3', 'audios/ENG/Actions/tofight_eng.mp3', 159),
(160, 'audios/ESP/Actions/pensar_esp.mp3', 'audios/POR/Actions/pensar_por.mp3', 'audios/ENG/Actions/think_eng.mp3', 160),
(161, 'audios/ESP/Actions/preguntar_esp.mp3', 'audios/POR/Actions/perguntar_por.mp3', 'audios/ENG/Actions/toask_eng.mp3', 161),
(165, 'audios/ESP/Actions/reir_esp.mp3', 'audios/POR/Actions/rir_por.mp3', 'audios/ENG/Actions/laugh_eng.mp3', 165),
(166, 'audios/ESP/Actions/respirar_esp.mp3', 'audios/POR/Actions/respirar_por.mp3', 'audios/ENG/Actions/breathe_eng.mp3', 166),
(167, 'audios/ESP/Alimentos/fresa_esp.mp3', 'audios/POR/Alimentos/morango_por.mp3', 'audios/ENG/Alimentos/strawberry_eng.mp3', 167),
(168, 'audios/ESP/Alimentos/durazno_esp.mp3', 'audios/POR/Alimentos/pessego_por.mp3', 'audios/ENG/Alimentos/peach_eng.mp3', 168),
(169, 'audios/ESP/Alimentos/aguacate_esp.mp3', 'audios/POR/Alimentos/abacate_por.mp3', 'audios/ENG/Alimentos/avocado_eng.mp3', 169),
(170, 'audios/ESP/Alimentos/naranja_esp.mp3', 'audios/POR/Alimentos/laranja_por.mp3', 'audios/ENG/Alimentos/orange_eng.mp3', 170),
(171, 'audios/ESP/Alimentos/papaya_esp.mp3', 'audios/POR/Alimentos/mamao_por.mp3', 'audios/ENG/Alimentos/papaya_eng.mp3', 171),
(172, 'audios/ESP/Alimentos/tomate_esp.mp3', 'audios/POR/Alimentos/tomate_por.mp3', 'audios/ENG/Alimentos/tomato_eng.mp3', 172),
(173, 'audios/ESP/Alimentos/uva_esp.mp3', 'audios/POR/Alimentos/uva_por.mp3', 'audios/ENG/Alimentos/grape_eng.mp3', 173),
(174, 'audios/ESP/Alimentos/mora_esp.mp3', 'audios/POR/Alimentos/amora_por.mp3', 'audios/ENG/Alimentos/blackberry_eng.mp3', 174),
(175, 'audios/ESP/Alimentos/manzana_esp.mp3', 'audios/POR/Alimentos/maca_por.mp3', 'audios/ENG/Alimentos/apple_eng.mp3', 175),
(176, 'audios/ESP/Alimentos/pina_esp.mp3', 'audios/POR/Alimentos/abacaxi_por.mp3', 'audios/ENG/Alimentos/pineapple_eng.mp3', 176),
(177, 'audios/ESP/Alimentos/pera_esp.mp3', 'audios/POR/Alimentos/pera_por.mp3', 'audios/ENG/Alimentos/pear_eng.mp3', 177),
(178, 'audios/ESP/Alimentos/limon_esp.mp3', 'audios/POR/Alimentos/limao_por.mp3', 'audios/ENG/Alimentos/lemon_eng.mp3', 178),
(179, 'audios/ESP/Alimentos/guayaba_esp.mp3', 'audios/POR/Alimentos/goiaba_por.mp3', 'audios/ENG/Alimentos/guava_eng.mp3', 179),
(180, 'audios/ESP/Alimentos/banano_esp.mp3', 'audios/POR/Alimentos/banana_por.mp3', 'audios/ENG/Alimentos/banana_eng.mp3', 180),
(181, 'audios/ESP/Alimentos/platano_esp.mp3', 'audios/POR/Alimentos/banana_por.mp3', 'audios/ENG/Alimentos/banana_eng.mp3', 181),
(182, 'audios/ESP/Alimentos/zanahoria_esp.mp3', 'audios/POR/Alimentos/cenoura_por.mp3', 'audios/ENG/Alimentos/carrot_eng.mp3', 182),
(183, 'audios/ESP/Alimentos/cebolla_esp.mp3', 'audios/POR/Alimentos/cebola_por.mp3', 'audios/ENG/Alimentos/onion_eng.mp3', 183),
(184, 'audios/ESP/Alimentos/aji_esp.mp3', 'audios/POR/Alimentos/pimenta_por.mp3', 'audios/ENG/Alimentos/chili_pepper_eng.mp3', 184),
(185, 'audios/ESP/Alimentos/habichuela_esp.mp3', 'audios/POR/Alimentos/vagem_por.mp3', 'audios/ENG/Alimentos/bean_eng.mp3', 185),
(186, 'audios/ESP/Alimentos/yuca_esp.mp3', 'audios/POR/Alimentos/iuca_por.mp3', 'audios/ENG/Alimentos/yucca_eng.mp3', 186),
(187, 'audios/ESP/Alimentos/mazorca_esp.mp3', 'audios/POR/Alimentos/sabugo_por.mp3', 'audios/ENG/Alimentos/cob_eng.mp3', 187),
(188, 'audios/ESP/Alimentos/ajo_esp.mp3', 'audios/POR/Alimentos/alho_por.mp3', 'audios/ENG/Alimentos/garlic_eng.mp3', 188),
(189, 'audios/ESP/Alimentos/agua_esp.mp3', 'audios/POR/Alimentos/agua_por.mp3', 'audios/ENG/Alimentos/water_eng.mp3', 189),
(190, 'audios/ESP/Alimentos/caldo_esp.mp3', 'audios/POR/Alimentos/caldo_por.mp3', 'audios/ENG/Alimentos/broth_eng.mp3', 190),
(191, 'audios/ESP/Alimentos/comida_esp.mp3', 'audios/POR/Alimentos/comida_por.mp3', 'audios/ENG/Alimentos/food_eng.mp3', 191),
(192, 'audios/ESP/Alimentos/gelatina_esp.mp3', 'audios/POR/Alimentos/gelatina_por.mp3', 'audios/ENG/Alimentos/jelly_eng.mp3', 192),
(193, 'audios/ESP/Alimentos/sal_esp.mp3', 'audios/POR/Alimentos/sal_por.mp3', 'audios/ENG/Alimentos/salt_eng.mp3', 193),
(194, 'audios/ESP/Alimentos/salchicha_esp.mp3', 'audios/POR/Alimentos/salsicha_por.mp3', 'audios/ENG/Alimentos/sausage_eng.mp3', 194),
(195, 'audios/ESP/Alimentos/pan_esp.mp3', 'audios/POR/Alimentos/pao_por.mp3', 'audios/ENG/Alimentos/breath_eng.mp3', 195),
(196, 'audios/ESP/Alimentos/ensalada_esp.mp3', 'audios/POR/Alimentos/salada_por.mp3', 'audios/ENG/Alimentos/salad_eng.mp3', 196),
(197, 'audios/ESP/Alimentos/carne_esp.mp3', 'audios/POR/Alimentos/carne_por.mp3', 'audios/ENG/Alimentos/meat_eng.mp3', 197),
(198, 'audios/ESP/Alimentos/almuerzo_esp.mp3', 'audios/POR/Alimentos/almoco_por.mp3', 'audios/ENG/Alimentos/lunch_eng.mp3', 198),
(199, 'audios/ESP/Alimentos/bunuelo_esp.mp3', 'audios/POR/Alimentos/rosquinha_por.mp3', 'audios/ENG/Alimentos/fritter_eng.mp3', 199),
(200, 'audios/ESP/Alimentos/champinon_esp.mp3', 'audios/POR/Alimentos/cogumelo_por.mp3', 'audios/ENG/Alimentos/mushroom_eng.mp3', 200),
(201, 'audios/ESP/Alimentos/galleta_esp.mp3', 'audios/POR/Alimentos/biscoito_por.mp3', 'audios/ENG/Alimentos/cookie_eng.mp3', 201),
(202, 'audios/ESP/Alimentos/gaseosa_esp.mp3', 'audios/POR/Alimentos/refrigerante_por.mp3', 'audios/ENG/Alimentos/soda_eng.mp3', 202),
(203, 'audios/ESP/Alimentos/queso_esp.mp3', 'audios/POR/Alimentos/queijo_por.mp3', 'audios/ENG/Alimentos/cheese_eng.mp3', 203),
(204, 'audios/ESP/Alimentos/salsa_de_tomate_esp.mp3', 'audios/POR/Alimentos/ketchup_por.mp3', 'audios/ENG/Alimentos/ketchup_eng.mp3', 204),
(205, 'audios/ESP/Alimentos/espagueti_esp.mp3', 'audios/POR/Alimentos/espaguete_por.mp3', 'audios/ENG/Alimentos/spaghetti_eng.mp3', 205),
(206, 'audios/ESP/Alimentos/cafe_esp.mp3', 'audios/POR/Alimentos/cafe_por.mp3', 'audios/ENG/Alimentos/coffee_eng.mp3', 206),
(207, 'audios/ESP/Alimentos/cerveza_esp.mp3', 'audios/POR/Alimentos/cerveja_por.mp3', 'audios/ENG/Alimentos/beer_eng.mp3', 207),
(208, 'audios/ESP/Alimentos/pizza_esp.mp3', 'audios/POR/Alimentos/pizza_por.mp3', 'audios/ENG/Alimentos/pizza_eng.mp3', 208),
(209, 'audios/ESP/Alimentos/verdura_esp.mp3', 'audios/POR/Alimentos/verdura_por.mp3', 'audios/ENG/Alimentos/vegetable_eng.mp3', 209),
(210, 'audios/ESP/Alimentos/torta_esp.mp3', 'audios/POR/Alimentos/bolo_por.mp3', 'audios/ENG/Alimentos/cake_eng.mp3', 210),
(211, 'audios/ESP/Alimentos/azucar_esp.mp3', 'audios/POR/Alimentos/acucar_por.mp3', 'audios/ENG/Alimentos/sugar_eng.mp3', 211),
(212, 'audios/ESP/Alimentos/chocolate_esp.mp3', 'audios/POR/Alimentos/chocolate_por.mp3', 'audios/ENG/Alimentos/chocolate_eng.mp3', 212),
(213, 'audios/ESP/Alimentos/desayuno_esp.mp3', 'audios/POR/Alimentos/cafe_da_manha_por.mp3', 'audios/ENG/Alimentos/breakfast_eng.mp3', 213),
(214, 'audios/ESP/Alimentos/sopa_esp.mp3', 'audios/POR/Alimentos/sopa_por.mp3', 'audios/ENG/Alimentos/soup_eng.mp3', 214),
(215, 'audios/ESP/Alimentos/te_esp.mp3', 'audios/POR/Alimentos/cha_por.mp3', 'audios/ENG/Alimentos/tea_eng.mp3', 215),
(216, 'audios/ESP/Alimentos/mayonesa_esp.mp3', 'audios/POR/Alimentos/maionese_por.mp3', 'audios/ENG/Alimentos/mayonnaise_eng.mp3', 216),
(217, 'audios/ESP/Calendario/lunes_esp.mp3', 'audios/POR/Calendario/segunda-feira_por.mp3', 'audios/ENG/Calendario/monday_eng.mp3', 217),
(218, 'audios/ESP/Calendario/martes_esp.mp3', 'audios/POR/Calendario/terca-feira_por.mp3', 'audios/ENG/Calendario/tuesday_eng.mp3', 218),
(219, 'audios/ESP/Calendario/miercoles_esp.mp3', 'audios/POR/Calendario/quarta-feira_por.mp3', 'audios/ENG/Calendario/wednesday_eng.mp3', 219),
(220, 'audios/ESP/Calendario/jueves_esp.mp3', 'audios/POR/Calendario/quinta-feira_por.mp3', 'audios/ENG/Calendario/thursday_eng.mp3', 220),
(221, 'audios/ESP/Calendario/viernes_esp.mp3', 'audios/POR/Calendario/sexta-feira_por.mp3', 'audios/ENG/Calendario/friday_eng.mp3', 221),
(222, 'audios/ESP/Calendario/sabado_esp.mp3', 'audios/POR/Calendario/sabado_por.mp3', 'audios/ENG/Calendario/saturday_eng.mp3', 222),
(223, 'audios/ESP/Calendario/domingo_esp.mp3', 'audios/POR/Calendario/domingo_por.mp3', 'audios/ENG/Calendario/sunday_eng.mp3', 223),
(224, 'audios/ESP/Calendario/enero_esp.mp3', 'audios/POR/Calendario/janeiro_por.mp3', 'audios/ENG/Calendario/january_eng.mp3', 224),
(225, 'audios/ESP/Calendario/febrero_esp.mp3', 'audios/POR/Calendario/febereiro_por.mp3', 'audios/ENG/Calendario/february_eng.mp3', 225),
(226, 'audios/ESP/Calendario/marzo_esp.mp3', 'audios/POR/Calendario/marco_por.mp3', 'audios/ENG/Calendario/march_eng.mp3', 226),
(227, 'audios/ESP/Calendario/abril_esp.mp3', 'audios/POR/Calendario/abril_por.mp3', 'audios/ENG/Calendario/april_eng.mp3', 227),
(228, 'audios/ESP/Calendario/mayo_esp.mp3', 'audios/POR/Calendario/maio_por.mp3', 'audios/ENG/Calendario/may_eng.mp3', 228),
(229, 'audios/ESP/Calendario/junio_esp.mp3', 'audios/POR/Calendario/junho_por.mp3', 'audios/ENG/Calendario/june_eng.mp3', 229),
(230, 'audios/ESP/Calendario/julio_esp.mp3', 'audios/POR/Calendario/julho_por.mp3', 'audios/ENG/Calendario/july_eng.mp3', 230),
(231, 'audios/ESP/Calendario/agosto_esp.mp3', 'audios/POR/Calendario/agosto_por.mp3', 'audios/ENG/Calendario/august_eng.mp3', 231),
(232, 'audios/ESP/Calendario/septiembre_esp.mp3', 'audios/POR/Calendario/setembro_por.mp3', 'audios/ENG/Calendario/september_eng.mp3', 232),
(233, 'audios/ESP/Calendario/octubre_esp.mp3', 'audios/POR/Calendario/outubro_por.mp3', 'audios/ENG/Calendario/october_eng.mp3', 233),
(234, 'audios/ESP/Calendario/noviembre_esp.mp3', 'audios/POR/Calendario/novembro_por.mp3', 'audios/ENG/Calendario/november_eng.mp3', 234),
(235, 'audios/ESP/Calendario/diciembre_esp.mp3', 'audios/POR/Calendario/dezembro_por.mp3', 'audios/ENG/Calendario/december_eng.mp3', 235),
(236, 'audios/ESP/Colors/amarillo_esp.mp3', 'audios/POR/Colors/amarelo_por.mp3', 'audios/ENG/Colors/yellow_eng.mp3', 236),
(237, 'audios/ESP/Colors/azul_esp.mp3', 'audios/POR/Colors/azul_por.mp3', 'audios/ENG/Colors/blue_eng.mp3', 237),
(238, 'audios/ESP/Colors/rojo_esp.mp3', 'audios/POR/Colors/vermelho_por.mp3', 'audios/ENG/Colors/red_eng.mp3', 238),
(239, 'audios/ESP/Colors/verde_esp.mp3', 'audios/POR/Colors/verde_por.mp3', 'audios/ENG/Colors/green_eng.mp3', 239),
(240, 'audios/ESP/Colors/negro_esp.mp3', 'audios/POR/Colors/preto_por.mp3', 'audios/ENG/Colors/black_eng.mp3', 240),
(241, 'audios/ESP/Colors/gris_esp.mp3', 'audios/POR/Colors/cinza_por.mp3', 'audios/ENG/Colors/gray_eng.mp3', 241),
(242, 'audios/ESP/Colors/blanco_esp.mp3', 'audios/POR/Colors/branco_por.mp3', 'audios/ENG/Colors/white_eng.mp3', 242),
(243, 'audios/ESP/Places/alcaldia_esp.mp3', 'audios/POR/Places/prefeitura_por.mp3', 'audios/ENG/Places/townhall_eng.mp3', 243),
(244, 'audios/ESP/Places/biblioteca_esp.mp3', 'audios/POR/Places/biblioteca_por.mp3', 'audios/ENG/Places/library_eng.mp3', 244),
(245, 'audios/ESP/Places/hotel_esp.mp3', 'audios/POR/Places/hotel_por.mp3', 'audios/ENG/Places/hotel_eng.mp3', 245),
(246, 'audios/ESP/Places/universidad_esp.mp3', 'audios/POR/Places/universidade_por.mp3', 'audios/ENG/Places/university_eng.mp3', 246),
(247, 'audios/ESP/Places/restaurante_esp.mp3', 'audios/POR/Places/restaurante_por.mp3', 'audios/ENG/Places/restaurant_eng.mp3', 247),
(248, 'audios/ESP/Places/hospital_esp.mp3', 'audios/POR/Places/hospital_por.mp3', 'audios/ENG/Places/hospital_eng.mp3', 248),
(249, 'audios/ESP/Places/bodega_esp.mp3', 'audios/POR/Places/adega_por.mp3', 'audios/ENG/Places/cellar_eng.mp3', 249),
(250, 'audios/ESP/Places/tienda_esp.mp3', 'audios/POR/Places/loja_por.mp3', 'audios/ENG/Places/store_eng.mp3', 250),
(251, 'audios/ESP/Places/gimnasio_esp.mp3', 'audios/POR/Places/academia_por.mp3', 'audios/ENG/Places/gym_eng.mp3', 251),
(252, 'audios/ESP/Places/oficina_esp.mp3', 'audios/POR/Places/escritorio_por.mp3', 'audios/ENG/Places/office_eng.mp3', 252),
(253, 'audios/ESP/Places/iglesia_esp.mp3', 'audios/POR/Places/igreja_por.mp3', 'audios/ENG/Places/church_eng.mp3', 253),
(254, 'audios/ESP/Places/garage_esp.mp3', 'audios/POR/Places/garagem_por.mp3', 'audios/ENG/Places/garage_eng.mp3', 254),
(255, 'audios/ESP/Places/apartamento_esp.mp3', 'audios/POR/Places/apartamento_por.mp3', 'audios/ENG/Places/apartament_eng.mp3', 255),
(256, 'audios/ESP/Places/parque_esp.mp3', 'audios/POR/Places/parque_por.mp3', 'audios/ENG/Places/park_eng.mp3', 256),
(257, 'audios/ESP/Places/peluqueria_esp.mp3', 'audios/POR/Places/cabeleireiro_por.mp3', 'audios/ENG/Places/barbershop_eng.mp3', 257),
(258, 'audios/ESP/Places/supermercado_esp.mp3', 'audios/POR/Places/supermercado_por.mp3', 'audios/ENG/Places/supermarket_eng.mp3', 258),
(259, 'audios/ESP/Places/playa_esp.mp3', 'audios/POR/Places/praia_por.mp3', 'audios/ENG/Places/beach_eng.mp3', 259),
(260, 'audios/ESP/Places/discoteca_esp.mp3', 'audios/POR/Places/discoteca_por.mp3', 'audios/ENG/Places/disco_eng.mp3', 260),
(261, 'audios/ESP/Vestir/abrigo_esp.mp3', 'audios/POR/Vestir/casaco_por.mp3', 'audios/ENG/Vestir/coat_eng.mp3', 261),
(262, 'audios/ESP/Vestir/calzoncillos_esp.mp3', 'audios/POR/Vestir/cuecas_por.mp3', 'audios/ENG/Vestir/underpants_eng.mp3', 262),
(263, 'audios/ESP/Vestir/correa_esp.mp3', 'audios/POR/Vestir/cinta_por.mp3', 'audios/ENG/Vestir/belt_eng.mp3', 263),
(264, 'audios/ESP/Vestir/calzones_esp.mp3', 'audios/POR/Vestir/cuecas_por.mp3', 'audios/ENG/Vestir/breeches_eng.mp3', 264),
(265, 'audios/ESP/Vestir/camisa_esp.mp3', 'audios/POR/Vestir/camisa_por.mp3', 'audios/ENG/Vestir/shirt_eng.mp3', 265),
(266, 'audios/ESP/Vestir/sombrero_esp.mp3', 'audios/POR/Vestir/chapeu_por.mp3', 'audios/ENG/Vestir/hat_eng.mp3', 266),
(267, 'audios/ESP/Vestir/pantalon_esp.mp3', 'audios/POR/Vestir/calcas_por.mp3', 'audios/ENG/Vestir/pants_eng.mp3', 267),
(268, 'audios/ESP/Vestir/blusa_esp.mp3', 'audios/POR/Vestir/blusa_por.mp3', 'audios/ENG/Vestir/blouse_eng.mp3', 268),
(269, 'audios/ESP/Vestir/chaqueta_esp.mp3', 'audios/POR/Vestir/jaqueta_por.mp3', 'audios/ENG/Vestir/jacket_eng.mp3', 269),
(270, 'audios/ESP/Vestir/vestido_esp.mp3', 'audios/POR/Vestir/vestido_por.mp3', 'audios/ENG/Vestir/dress_eng.mp3', 270),
(271, 'audios/ESP/Vestir/guantes_esp.mp3', 'audios/POR/Vestir/luvas_por.mp3', 'audios/ENG/Vestir/gloves_eng.mp3', 271),
(272, 'audios/ESP/Vestir/corbata_esp.mp3', 'audios/POR/Vestir/laco_por.mp3', 'audios/ENG/Vestir/tie_eng.mp3', 272),
(273, 'audios/ESP/Elementos/botiquin_esp.mp3', 'audios/POR/Elementos/estojo_por.mp3', 'audios/ENG/Elementos/kit_eng.mp3', 273),
(274, 'audios/ESP/Elementos/abanico_esp.mp3', 'audios/POR/Elementos/ventilador_por.mp3', 'audios/ENG/Elementos/fan_eng.mp3', 274),
(275, 'audios/ESP/Elementos/botella_esp.mp3', 'audios/POR/Elementos/garrafa_por.mp3', 'audios/ENG/Elementos/bottle_eng.mp3', 275),
(276, 'audios/ESP/Elementos/gafas_esp.mp3', 'audios/POR/Elementos/oculos_por.mp3', 'audios/ENG/Elementos/glasses_eng.mp3', 276),
(277, 'audios/ESP/Elementos/plancha_esp.mp3', 'audios/POR/Elementos/ferro_por.mp3', 'audios/ENG/Elementos/griddle_eng.mp3', 277),
(278, 'audios/ESP/Elementos/vaso_esp.mp3', 'audios/POR/Elementos/copo_por.mp3', 'audios/ENG/Elementos/cup_eng.mp3', 278),
(279, 'audios/ESP/Elementos/cadena_esp.mp3', 'audios/POR/Elementos/cadeia_por.mp3', 'audios/ENG/Elementos/chain_eng.mp3', 279),
(280, 'audios/ESP/Elementos/jaula_esp.mp3', 'audios/POR/Elementos/gaiola_por.mp3', 'audios/ENG/Elementos/cage_eng.mp3', 280),
(281, 'audios/ESP/Elementos/labial_esp.mp3', 'audios/POR/Elementos/labial_por.mp3', 'audios/ENG/Elementos/lip_eng.mp3', 281),
(283, 'audios/ESP/Elementos/carro_esp.mp3', 'audios/POR/Elementos/carro_por.mp3', 'audios/ENG/Elementos/car_eng.mp3', 283),
(284, 'audios/ESP/Elementos/boleta_esp.mp3', 'audios/POR/Elementos/bilhete_por.mp3', 'audios/ENG/Elementos/ticket_eng.mp3', 284),
(285, 'audios/ESP/Elementos/caja_esp.mp3', 'audios/POR/Elementos/caixa_por.mp3', 'audios/ENG/Elementos/box_eng.mp3', 285),
(286, 'audios/ESP/Elementos/cremallera_esp.mp3', 'audios/POR/Elementos/ziper_por.mp3', 'audios/ENG/Elementos/zipper_eng.mp3', 286),
(287, 'audios/ESP/Elementos/jeringa_esp.mp3', 'audios/POR/Elementos/seringa_por.mp3', 'audios/ENG/Elementos/syringe_eng.mp3', 287),
(288, 'audios/ESP/Elementos/telescopio_esp.mp3', 'audios/POR/Elementos/telescopio_por.mp3', 'audios/ENG/Elementos/telescope_eng.mp3', 288),
(290, 'audios/ESP/Elementos/llave_esp.mp3', 'audios/POR/Elementos/chave_por.mp3', 'audios/ENG/Elementos/key_eng.mp3', 290),
(291, 'audios/ESP/Elementos/embudo_esp.mp3', 'audios/POR/Elementos/funil_por.mp3', 'audios/ENG/Elementos/funnel_eng.mp3', 291),
(292, 'audios/ESP/Elementos/camara_esp.mp3', 'audios/POR/Elementos/camera_por.mp3', 'audios/ENG/Elementos/camera_eng.mp3', 292),
(294, 'audios/ESP/Elementos/brujula_esp.mp3', 'audios/POR/Elementos/bussola_por.mp3', 'audios/ENG/Elementos/compass_eng.mp3', 294),
(295, 'audios/ESP/Elementos/lana_esp.mp3', 'audios/POR/Elementos/la_por.mp3', 'audios/ENG/Elementos/wool_eng.mp3', 295),
(296, 'audios/ESP/Elementos/perfume_esp.mp3', 'audios/POR/Elementos/perfume_por.mp3', 'audios/ENG/Elementos/fragrance_eng.mp3', 296),
(297, 'audios/ESP/Elementos/termometro_esp.mp3', 'audios/POR/Elementos/termometro_por.mp3', 'audios/ENG/Elementos/thermometer_eng.mp3', 297),
(298, 'audios/ESP/Elementos/medalla_esp.mp3', 'audios/POR/Elementos/medalha_por.mp3', 'audios/ENG/Elementos/medal_eng.mp3', 298),
(299, 'audios/ESP/Elementos/cepillodedientes_esp.mp3', 'audios/POR/Elementos/escovadedentes_por.mp3', 'audios/ENG/Elementos/toothbrush_eng.mp3', 299),
(300, 'audios/ESP/Elementos/candado_esp.mp3', 'audios/POR/Elementos/cadeado_por.mp3', 'audios/ENG/Elementos/padlock_eng.mp3', 300),
(301, 'audios/ESP/Elementos/espejo_esp.mp3', 'audios/POR/Elementos/espelho_por.mp3', 'audios/ENG/Elementos/mirror_eng.mp3', 301),
(302, 'audios/ESP/Elementos/tesoro_esp.mp3', 'audios/POR/Elementos/tesouro_por.mp3', 'audios/ENG/Elementos/treasure_eng.mp3', 302),
(303, 'audios/ESP/Elementos/toalla_esp.mp3', 'audios/POR/Elementos/toalha_por.mp3', 'audios/ENG/Elementos/towel_eng.mp3', 303),
(304, 'audios/ESP/Elementos/muneco_esp.mp3', 'audios/POR/Elementos/boneca_por.mp3', 'audios/ENG/Elementos/doll_eng.mp3', 304),
(305, 'audios/ESP/Elementos/pincel_esp.mp3', 'audios/POR/Elementos/escoba_por.mp3', 'audios/ENG/Elementos/brush_eng.mp3', 305),
(307, 'audios/ESP/Elementos/casa_esp.mp3', 'audios/POR/Elementos/casa_por.mp3', 'audios/ENG/Elementos/home_eng.mp3', 307),
(308, 'audios/ESP/Elementos/carta_esp.mp3', 'audios/POR/Elementos/carta_por.mp3', 'audios/ENG/Elementos/letter_eng.mp3', 308),
(309, 'audios/ESP/Elementos/billetera_esp.mp3', 'audios/POR/Elementos/carteira_por.mp3', 'audios/ENG/Elementos/wallet_eng.mp3', 309),
(310, 'audios/ESP/Elementos/bandera_esp.mp3', 'audios/POR/Elementos/bandeira_por.mp3', 'audios/ENG/Elementos/flag_eng.mp3', 310),
(311, 'audios/ESP/Elementos/campana_esp.mp3', 'audios/POR/Elementos/sino_por.mp3', 'audios/ENG/Elementos/bell_eng.mp3', 311),
(312, 'audios/ESP/Elementos/pelota_esp.mp3', 'audios/POR/Elementos/bola_por.mp3', 'audios/ENG/Elementos/ball_eng.mp3', 312),
(313, 'audios/ESP/Elementos/pendulo_esp.mp3', 'audios/POR/Elementos/pendulo_por.mp3', 'audios/ENG/Elementos/pendulum_eng.mp3', 313),
(314, 'audios/ESP/Elementos/canasta_esp.mp3', 'audios/POR/Elementos/canasta_por.mp3', 'audios/ENG/Elementos/basket_eng.mp3', 314),
(315, 'audios/ESP/Elementos/billete_esp.mp3', 'audios/POR/Elementos/bilhete_por.mp3', 'audios/ENG/Elementos/ticket_eng.mp3', 315),
(316, 'audios/ESP/Elementos/avion_esp.mp3', 'audios/POR/Elementos/aviao_por.mp3', 'audios/ENG/Elementos/airplane_eng.mp3', 316),
(317, 'audios/ESP/Familia/mama_esp.mp3', 'audios/POR/Familia/mae_por.mp3', 'audios/ENG/Familia/mom_eng.mp3', 317),
(318, 'audios/ESP/Familia/papa_esp.mp3', 'audios/POR/Familia/pai_por.mp3', 'audios/ENG/Familia/dad_eng.mp3', 318),
(319, 'audios/ESP/Familia/hermano_esp.mp3', 'audios/POR/Familia/irmao_por.mp3', 'audios/ENG/Familia/brother_eng.mp3', 319),
(320, 'audios/ESP/Familia/hermana_esp.mp3', 'audios/POR/Familia/irma_por.mp3', 'audios/ENG/Familia/sister_eng.mp3', 320),
(321, 'audios/ESP/Familia/abuelo_esp.mp3', 'audios/POR/Familia/avo_por.mp3', 'audios/ENG/Familia/grandfather_eng.mp3', 321),
(322, 'audios/ESP/Familia/abuela_esp.mp3', 'audios/POR/Familia/avoa_por.mp3', 'audios/ENG/Familia/grandmother_eng.mp3', 322),
(323, 'audios/ESP/Familia/tio_esp.mp3', 'audios/POR/Familia/tio_por.mp3', 'audios/ENG/Familia/uncle_eng.mp3', 323),
(324, 'audios/ESP/Familia/tia_esp.mp3', 'audios/POR/Familia/tia_por.mp3', 'audios/ENG/Familia/aunt_eng.mp3', 324),
(325, 'audios/ESP/Familia/nieto_esp.mp3', 'audios/POR/Familia/neto_por.mp3', 'audios/ENG/Familia/grandson_eng.mp3', 325),
(326, 'audios/ESP/Familia/nieta_esp.mp3', 'audios/POR/Familia/neta_por.mp3', 'audios/ENG/Familia/granddaughter_eng.mp3', 326),
(327, 'audios/ESP/Familia/primo_esp.mp3', 'audios/POR/Familia/primo_por.mp3', 'audios/ENG/Familia/cousin_eng.mp3', 327),
(328, 'audios/ESP/Familia/prima_esp.mp3', 'audios/POR/Familia/prima_por.mp3', 'audios/ENG/Familia/cousin_eng.mp3', 328),
(329, 'audios/ESP/Familia/sobrino_esp.mp3', 'audios/POR/Familia/sobrinho_por.mp3', 'audios/ENG/Familia/nephnew_eng.mp3', 329),
(330, 'audios/ESP/Familia/sobrina_esp.mp3', 'audios/POR/Familia/sobrinha_por.mp3', 'audios/ENG/Familia/niece_eng.mp3', 330),
(331, 'audios/ESP/Familia/esposo_esp.mp3', 'audios/POR/Familia/marido_por.mp3', 'audios/ENG/Familia/husband_eng.mp3', 331),
(332, 'audios/ESP/Familia/esposa_esp.mp3', 'audios/POR/Familia/esposa_por.mp3', 'audios/ENG/Familia/wife_eng.mp3', 332),
(333, 'audios/ESP/Familia/hijo_esp.mp3', 'audios/POR/Familia/filho_por.mp3', 'audios/ENG/Familia/son_eng.mp3', 333),
(334, 'audios/ESP/Profesiones/disenador_esp.mp3', 'audios/POR/Profesiones/desenhista_por.mp3', 'audios/ENG/Profesiones/designer_eng.mp3', 334),
(335, 'audios/ESP/Profesiones/medico_esp.mp3', 'audios/POR/Profesiones/medico_por.mp3', 'audios/ENG/Profesiones/doctor_eng.mp3', 335),
(336, 'audios/ESP/Profesiones/ortodoncista_esp.mp3', 'audios/POR/Profesiones/ortodontista_por.mp3', 'audios/ENG/Profesiones/orthodontist_eng.mp3', 336),
(337, 'audios/ESP/Profesiones/ginecologo_esp.mp3', 'audios/POR/Profesiones/ginecologista_por.mp3', 'audios/ENG/Profesiones/ginecologist_eng.mp3', 337),
(338, 'audios/ESP/Profesiones/chef_esp.mp3', 'audios/POR/Profesiones/chefe_por.mp3', 'audios/ENG/Profesiones/chef_eng.mp3', 338),
(339, 'audios/ESP/Profesiones/obispo_esp.mp3', 'audios/POR/Profesiones/bispo_por.mp3', 'audios/ENG/Profesiones/bishop_eng.mp3', 339),
(340, 'audios/ESP/Profesiones/jardinero_esp.mp3', 'audios/POR/Profesiones/jardineiro_por.mp3', 'audios/ENG/Profesiones/gardener_eng.mp3', 340),
(341, 'audios/ESP/Profesiones/panadero_esp.mp3', 'audios/POR/Profesiones/padeiro_por.mp3', 'audios/ENG/Profesiones/baker_eng.mp3', 341),
(342, 'audios/ESP/Profesiones/secretaria_esp.mp3', 'audios/POR/Profesiones/secretaria_por.mp3', 'audios/ENG/Profesiones/secretary_eng.mp3', 342),
(343, 'audios/ESP/Profesiones/vendedor_esp.mp3', 'audios/POR/Profesiones/vendedor_por.mp3', 'audios/ENG/Profesiones/seller_eng.mp3', 343),
(344, 'audios/ESP/Profesiones/traductor_esp.mp3', 'audios/POR/Profesiones/tradutor_por.mp3', 'audios/ENG/Profesiones/translator_eng.mp3', 344),
(345, 'audios/ESP/Profesiones/presidente_esp.mp3', 'audios/POR/Profesiones/presidente_por.mp3', 'audios/ENG/Profesiones/president_eng.mp3', 345),
(346, 'audios/ESP/Profesiones/oftalmologo_esp.mp3', 'audios/POR/Profesiones/oftalmologista_por.mp3', 'audios/ENG/Profesiones/ophthalmologist_eng.mp3', 346),
(347, 'audios/ESP/Profesiones/ingeniero_esp.mp3', 'audios/POR/Profesiones/engenheiro_por.mp3', 'audios/ENG/Profesiones/enginner_eng.mp3', 347),
(348, 'audios/ESP/Profesiones/astronauta_esp.mp3', 'audios/POR/Profesiones/astronauta_por.mp3', 'audios/ENG/Profesiones/astronaut_eng.mp3', 348),
(349, 'audios/ESP/Profesiones/alcalde_esp.mp3', 'audios/POR/Profesiones/prefeito_por.mp3', 'audios/ENG/Profesiones/mayor_eng.mp3', 349),
(350, 'audios/ESP/Profesiones/director_esp.mp3', 'audios/POR/Profesiones/diretor_por.mp3', 'audios/ENG/Profesiones/director_eng.mp3', 350),
(352, 'audios/ESP/Profesiones/ministro_esp.mp3', 'audios/POR/Profesiones/ministro_por.mp3', 'audios/ENG/Profesiones/minister_eng.mp3', 352),
(353, 'audios/ESP/Profesiones/barbero_esp.mp3', 'audios/POR/Profesiones/barbeiro_por.mp3', 'audios/ENG/Profesiones/barber_eng.mp3', 353),
(354, 'audios/ESP/Profesiones/auditor_esp.mp3', 'audios/POR/Profesiones/auditor_por.mp3', 'audios/ENG/Profesiones/auditor_eng.mp3', 354),
(355, 'audios/ESP/Profesiones/cientifico_esp.mp3', 'audios/POR/Profesiones/cientista_por.mp3', 'audios/ENG/Profesiones/scientific_eng.mp3', 355),
(356, 'audios/ESP/Profesiones/profesor_esp.mp3', 'audios/POR/Profesiones/professor_por.mp3', 'audios/ENG/Profesiones/teacher_eng.mp3', 356),
(357, 'audios/ESP/Profesiones/sacerdote_esp.mp3', 'audios/POR/Profesiones/padre_por.mp3', 'audios/ENG/Profesiones/priest_eng.mp3', 357),
(358, 'audios/ESP/Profesiones/poeta_esp.mp3', 'audios/POR/Profesiones/poeta_por.mp3', 'audios/ENG/Profesiones/poet_eng.mp3', 358),
(359, 'audios/ESP/Enfermedades/gripe_esp.mp3', 'audios/POR/Enfermedades/gripe_por.mp3', 'audios/ENG/Enfermedades/flu_eng.mp3', 359),
(360, 'audios/ESP/Enfermedades/asfixia_esp.mp3', 'audios/POR/Enfermedades/asfixia_por.mp3', 'audios/ENG/Enfermedades/suffocation_eng.mp3', 360),
(361, 'audios/ESP/Enfermedades/malaria_esp.mp3', 'audios/POR/Enfermedades/malaria_por.mp3', 'audios/ENG/Enfermedades/malaria_eng.mp3', 361),
(362, 'audios/ESP/Enfermedades/sida_esp.mp3', 'audios/POR/Enfermedades/sida_por.mp3', 'audios/ENG/Enfermedades/aids_eng.mp3', 362),
(363, 'audios/ESP/Enfermedades/diarrea_esp.mp3', 'audios/POR/Enfermedades/diarreia_por.mp3', 'audios/ENG/Enfermedades/diarrhea_eng.mp3', 363),
(364, 'audios/ESP/Enfermedades/dolor_esp.mp3', 'audios/POR/Enfermedades/dor_por.mp3', 'audios/ENG/Enfermedades/pain_eng.mp3', 364),
(365, 'audios/ESP/Enfermedades/lepra_esp.mp3', 'audios/POR/Enfermedades/lepra_por.mp3', 'audios/ENG/Enfermedades/leprosy_eng.mp3', 365),
(366, 'audios/ESP/Enfermedades/acne_esp.mp3', 'audios/POR/Enfermedades/acne_por.mp3', 'audios/ENG/Enfermedades/acne_eng.mp3', 366),
(367, 'audios/ESP/Enfermedades/cancer_esp.mp3', 'audios/POR/Enfermedades/cancer_por.mp3', 'audios/ENG/Enfermedades/cancer_eng.mp3', 367),
(368, 'audios/ESP/Enfermedades/asma_esp.mp3', 'audios/POR/Enfermedades/asma_por.mp3', 'audios/ENG/Enfermedades/asthma_eng.mp3', 368),
(369, 'audios/ESP/Enfermedades/tos_esp.mp3', 'audios/POR/Enfermedades/tosse_por.mp3', 'audios/ENG/Enfermedades/cough_eng.mp3', 369),
(370, 'audios/ESP/Enfermedades/trombosis_esp.mp3', 'audios/POR/Enfermedades/trombose_por.mp3', 'audios/ENG/Enfermedades/thrombosis_eng.mp3', 370),
(371, 'audios/ESP/Enfermedades/miopia_esp.mp3', 'audios/POR/Enfermedades/miopia_por.mp3', 'audios/ENG/Enfermedades/myopia_eng.mp3', 371),
(372, 'audios/ESP/valores/amable_esp.mp3', 'audios/POR/valores/amigavel_por.mp3', 'audios/ENG/valores/friendly_eng.mp3', 372),
(373, 'audios/ESP/valores/paciente_esp.mp3', 'audios/POR/valores/paciente_por.mp3', 'audios/ENG/valores/patient_eng.mp3', 373),
(374, 'audios/ESP/valores/respetuoso_esp.mp3', 'audios/POR/valores/respeito_por.mp3', 'audios/ENG/valores/respect_eng.mp3', 374),
(375, 'audios/ESP/valores/responsable_esp.mp3', 'audios/POR/valores/responsavel_por.mp3', 'audios/ENG/valores/responsable_eng.mp3', 375),
(376, 'audios/ESP/valores/leal_esp.mp3', 'audios/POR/valores/leal_por.mp3', 'audios/ENG/valores/loyal_eng.mp3', 376),
(377, 'audios/ESP/valores/simpatico_esp.mp3', 'audios/POR/valores/amigavel_por.mp3', 'audios/ENG/valores/nice_eng.mp3', 377),
(378, 'audios/ESP/valores/autonomo_esp.mp3', 'audios/POR/valores/autonomo_por.mp3', 'audios/ENG/valores/autonomous_eng.mp3', 378),
(379, 'audios/ESP/cuestiones/donde_esp.mp3', 'audios/POR/cuestiones/onde_por.mp3', 'audios/ENG/cuestiones/where_eng.mp3', 379),
(380, 'audios/ESP/cuestiones/dondequeda_esp.mp3', 'audios/POR/cuestiones/ondefica_por.mp3', 'audios/ENG/cuestiones/whereisit_eng.mp3', 380),
(381, 'audios/ESP/cuestiones/dondevives_esp.mp3', 'audios/POR/cuestiones/ondevocemora_por.mp3', 'audios/ENG/cuestiones/whereyoulive_eng.mp3', 381),
(382, 'audios/ESP/cuestiones/como_esp.mp3', 'audios/POR/cuestiones/como_por.mp3', 'audios/ENG/cuestiones/how_eng.mp3', 382),
(383, 'audios/ESP/cuestiones/comoesta_esp.mp3', 'audios/POR/cuestiones/comoesta_por.mp3', 'audios/ENG/cuestiones/howareyou_eng.mp3', 383),
(384, 'audios/ESP/cuestiones/cuanto_esp.mp3', 'audios/POR/cuestiones/quanto_por.mp3', 'audios/ENG/cuestiones/howmuch_eng.mp3', 384),
(385, 'audios/ESP/cuestiones/cuando_esp.mp3', 'audios/POR/cuestiones/quando_por.mp3', 'audios/ENG/cuestiones/when_eng.mp3', 385),
(386, 'audios/ESP/cuestiones/porque_esp.mp3', 'audios/POR/cuestiones/porque_por.mp3', 'audios/ENG/cuestiones/why_eng.mp3', 386),
(387, 'audios/ESP/cuestiones/que_esp.mp3', 'audios/POR/cuestiones/oque_por.mp3', 'audios/ENG/cuestiones/what_eng.mp3', 387),
(388, 'audios/ESP/cuestiones/queeseso_esp.mp3', 'audios/POR/cuestiones/oqueeisso_por.mp3', 'audios/ENG/cuestiones/whatisthat_eng.mp3', 388),
(389, 'audios/ESP/cuestiones/quepaso_esp.mp3', 'audios/POR/cuestiones/oqueaconteceu_por.mp3', 'audios/ENG/cuestiones/whathappened_eng.mp3', 389),
(390, 'audios/ESP/cuestiones/quien_esp.mp3', 'audios/POR/cuestiones/quem_por.mp3', 'audios/ENG/cuestiones/who_eng.mp3', 390),
(391, 'audios/ESP/anatomia/nariz_esp.mp3', 'audios/POR/anatomia/nariz_por.mp3', 'audios/ENG/anatomia/nose_eng.mp3', 391),
(392, 'audios/ESP/anatomia/pelo_esp.mp3', 'audios/POR/anatomia/cabelo_por.mp3', 'audios/ENG/anatomia/hair_eng.mp3', 392),
(393, 'audios/ESP/anatomia/senos_esp.mp3', 'audios/POR/anatomia/seios_por.mp3', 'audios/ENG/anatomia/bosom_eng.mp3', 393),
(394, 'audios/ESP/anatomia/pestanas_esp.mp3', 'audios/POR/anatomia/cilios_por.mp3', 'audios/ENG/anatomia/eyelashes_eng.mp3', 394),
(395, 'audios/ESP/anatomia/ojos_esp.mp3', 'audios/POR/anatomia/olhos_por.mp3', 'audios/ENG/anatomia/eyes_eng.mp3', 395),
(396, 'audios/ESP/anatomia/encefalo_esp.mp3', 'audios/POR/anatomia/cerebro_por.mp3', 'audios/ENG/anatomia/brain_eng.mp3', 396),
(397, 'audios/ESP/anatomia/torax_esp.mp3', 'audios/POR/anatomia/torax_por.mp3', 'audios/ENG/anatomia/thorax_eng.mp3', 397),
(398, 'audios/ESP/anatomia/faringe_esp.mp3', 'audios/POR/anatomia/faringe_por.mp3', 'audios/ENG/anatomia/pharynx_eng.mp3', 398),
(399, 'audios/ESP/anatomia/ovario_esp.mp3', 'audios/POR/anatomia/ovario_por.mp3', 'audios/ENG/anatomia/ovary_eng.mp3', 399),
(400, 'audios/ESP/anatomia/brazo_esp.mp3', 'audios/POR/anatomia/braco_por.mp3', 'audios/ENG/anatomia/arm_eng.mp3', 400),
(401, 'audios/ESP/anatomia/dentadura_esp.mp3', 'audios/POR/anatomia/dentes_por.mp3', 'audios/ENG/anatomia/teeth_eng.mp3', 401),
(402, 'audios/ESP/anatomia/boca_esp.mp3', 'audios/POR/anatomia/boca_por.mp3', 'audios/ENG/anatomia/mouth_eng.mp3', 402),
(403, 'audios/ESP/anatomia/espalda_esp.mp3', 'audios/POR/anatomia/costas_por.mp3', 'audios/ENG/anatomia/back_eng.mp3', 403),
(404, 'audios/ESP/anatomia/oreja_esp.mp3', 'audios/POR/anatomia/orelha_por.mp3', 'audios/ENG/anatomia/ear_eng.mp3', 404),
(405, 'audios/ESP/anatomia/pies_esp.mp3', 'audios/POR/anatomia/pes_por.mp3', 'audios/ENG/anatomia/feet_eng.mp3', 405),
(406, 'audios/ESP/anatomia/testiculos_esp.mp3', 'audios/POR/anatomia/testiculos_por.mp3', 'audios/ENG/anatomia/testicles_eng.mp3', 406),
(407, 'audios/ESP/anatomia/corazon_esp.mp3', 'audios/POR/anatomia/coracao_por.mp3', 'audios/ENG/anatomia/heart_eng.mp3', 407),
(408, 'audios/ESP/anatomia/cabello_esp.mp3', 'audios/POR/anatomia/cabelo_por.mp3', 'audios/ENG/anatomia/hair_eng.mp3', 408),
(409, 'audios/ESP/anatomia/glandulas_esp.mp3', 'audios/POR/anatomia/glandulas_por.mp3', 'audios/ENG/anatomia/glands_eng.mp3', 409),
(410, 'audios/ESP/anatomia/amigdala_esp.mp3', 'audios/POR/anatomia/amigdala_por.mp3', 'audios/ENG/anatomia/amygdala_eng.mp3', 410),
(411, 'audios/ESP/anatomia/pene_esp.mp3', 'audios/POR/anatomia/penis_por.mp3', 'audios/ENG/anatomia/penis_eng.mp3', 411),
(412, 'audios/ESP/anatomia/higado_esp.mp3', 'audios/POR/anatomia/figado_por.mp3', 'audios/ENG/anatomia/liver_eng.mp3', 412),
(413, 'audios/ESP/anatomia/papilas_esp.mp3', 'audios/POR/anatomia/papilas_por.mp3', 'audios/ENG/anatomia/papillae_eng.mp3', 413),
(414, 'audios/ESP/anatomia/retina_esp.mp3', 'audios/POR/anatomia/retina_por.mp3', 'audios/ENG/anatomia/retina_eng.mp3', 414),
(415, 'audios/ESP/anatomia/utero_esp.mp3', 'audios/POR/anatomia/utero_por.mp3', 'audios/ENG/anatomia/uterus_eng.mp3', 415),
(416, 'audios/ESP/anatomia/parpado_esp.mp3', 'audios/POR/anatomia/palpebra_por.mp3', 'audios/ENG/anatomia/eyelid_eng.mp3', 416);
INSERT INTO `audiobyitem` (`idAudioByItem`, `audiosourceesp`, `audiosourcepor`, `audiosourceeng`, `item`) VALUES
(417, 'audios/ESP/anatomia/ceja_esp.mp3', 'audios/POR/anatomia/sombrancelha_por.mp3', 'audios/ENG/anatomia/eyebrow_eng.mp3', 417),
(418, 'audios/ESP/anatomia/dedos_esp.mp3', 'audios/POR/anatomia/dedos_por.mp3', 'audios/ENG/anatomia/fingers_eng.mp3', 418),
(419, 'audios/ESP/anatomia/cara_esp.mp3', 'audios/POR/anatomia/face_por.mp3', 'audios/ENG/anatomia/face_eng.mp3', 419),
(420, 'audios/ESP/anatomia/bazo_esp.mp3', 'audios/POR/anatomia/baco_por.mp3', 'audios/ENG/anatomia/spleen_eng.mp3', 420),
(421, 'audios/ESP/anatomia/hombro_esp.mp3', 'audios/POR/anatomia/ombro_por.mp3', 'audios/ENG/anatomia/shoulder_eng.mp3', 421),
(422, 'audios/ESP/anatomia/ovulos_esp.mp3', 'audios/POR/anatomia/ovulos_por.mp3', 'audios/ENG/anatomia/ova_eng.mp3', 422),
(423, 'audios/ESP/anatomia/pulmones_esp.mp3', 'audios/POR/anatomia/pulmoes_por.mp3', 'audios/ENG/anatomia/lungs_eng.mp3', 423),
(424, 'audios/ESP/anatomia/vagina_esp.mp3', 'audios/POR/anatomia/vagina_por.mp3', 'audios/ENG/anatomia/vagina_eng.mp3', 424),
(425, 'audios/ESP/anatomia/estomago_esp.mp3', 'audios/POR/anatomia/estomago_por.mp3', 'audios/ENG/anatomia/stomach_eng.mp3', 425),
(426, 'audios/ESP/anatomia/cuello_esp.mp3', 'audios/POR/anatomia/pescoco_por.mp3', 'audios/ENG/anatomia/neck_eng.mp3', 426),
(427, 'audios/ESP/anatomia/cabeza_esp.mp3', 'audios/POR/anatomia/cabeca_por.mp3', 'audios/ENG/anatomia/head_eng.mp3', 427),
(428, 'audios/ESP/anatomia/pierna_esp.mp3', 'audios/POR/anatomia/perna_por.mp3', 'audios/ENG/anatomia/leg_eng.mp3', 428),
(429, 'audios/ESP/anatomia/mano_esp.mp3', 'audios/POR/anatomia/mao_por.mp3', 'audios/ENG/anatomia/hand_eng.mp3', 429),
(430, 'audios/ESP/anatomia/rinones_esp.mp3', 'audios/POR/anatomia/rins_por.mp3', 'audios/ENG/anatomia/kidneys_eng.mp3', 430),
(431, 'audios/ESP/anatomia/cerebro_esp.mp3', 'audios/POR/anatomia/cerebro_por.mp3', 'audios/ENG/anatomia/brain_eng.mp3', 431),
(432, 'audios/ESP/anatomia/columna_esp.mp3', 'audios/POR/anatomia/coluna_por.mp3', 'audios/ENG/anatomia/column_eng.mp3', 432),
(433, 'audios/ESP/anatomia/oido_esp.mp3', 'audios/POR/anatomia/ouvido_por.mp3', 'audios/ENG/anatomia/ear_eng.mp3', 433),
(434, 'audios/ESP/invertebrados/artropodos_esp.mp3', 'audios/POR/invertebrados/artropodes_por.mp3', 'audios/ENG/invertebrados/arthropods_eng.mp3', 434),
(435, 'audios/ESP/invertebrados/moluscos_esp.mp3', 'audios/POR/invertebrados/moluscos_por.mp3', 'audios/ENG/invertebrados/molluscs_eng.mp3', 435),
(436, 'audios/ESP/invertebrados/equinodermos_esp.mp3', 'audios/POR/invertebrados/equinodermes_por.mp3', 'audios/ENG/invertebrados/echinoderms_eng.mp3', 436),
(437, 'audios/ESP/invertebrados/gusanos_esp.mp3', 'audios/POR/invertebrados/vermes_por.mp3', 'audios/ENG/invertebrados/worms_eng.mp3', 437),
(438, 'audios/ESP/invertebrados/celentereos_esp.mp3', 'audios/POR/invertebrados/coelenterata_por.mp3', 'audios/ENG/invertebrados/coelenterata_eng.mp3', 438),
(439, 'audios/ESP/naturaleza/clorofila_esp.mp3', 'audios/POR/naturaleza/clorofila_por.mp3', 'audios/ENG/naturaleza/chlorophyll_eng.mp3', 439),
(440, 'audios/ESP/naturaleza/nutrientes_esp.mp3', 'audios/POR/naturaleza/nutrientes_por.mp3', 'audios/ENG/naturaleza/nutrients_eng.mp3', 440),
(441, 'audios/ESP/naturaleza/oxigeno_esp.mp3', 'audios/POR/naturaleza/oxigenio_por.mp3', 'audios/ENG/naturaleza/oxygen_eng.mp3', 441),
(444, 'audios/ESP/naturaleza/ecosistema_esp.mp3', 'audios/POR/naturaleza/ecossistema_por.mp3', 'audios/ENG/naturaleza/ecosystem_eng.mp3', 444),
(445, 'audios/ESP/naturaleza/metamorfosis_esp.mp3', 'audios/POR/naturaleza/metamorfose_por.mp3', 'audios/ENG/naturaleza/metamorphosis_eng.mp3', 445),
(446, 'audios/ESP/naturaleza/anelidos_esp.mp3', 'audios/POR/naturaleza/anelideos_por.mp3', 'audios/ENG/naturaleza/annelids_eng.mp3', 446),
(447, 'audios/ESP/naturaleza/anfibios_esp.mp3', 'audios/POR/naturaleza/anfibios_por.mp3', 'audios/ENG/naturaleza/amphibians_eng.mp3', 447),
(448, 'audios/ESP/naturaleza/invertebrados_esp.mp3', 'audios/POR/naturaleza/invertebrados_por.mp3', 'audios/ENG/naturaleza/invertebrates_eng.mp3', 448),
(449, 'audios/ESP/naturaleza/omnivoros_esp.mp3', 'audios/POR/naturaleza/onivoro_por.mp3', 'audios/ENG/naturaleza/omnivorous_eng.mp3', 449),
(450, 'audios/ESP/naturaleza/oviparos_esp.mp3', 'audios/POR/naturaleza/oviparo_por.mp3', 'audios/ENG/naturaleza/oviparous_eng.mp3', 450),
(451, 'audios/ESP/naturaleza/viviparos_esp.mp3', 'audios/POR/naturaleza/viviparo_por.mp3', 'audios/ENG/naturaleza/viviparous_eng.mp3', 451),
(452, 'audios/ESP/naturaleza/reptiles_esp.mp3', 'audios/POR/naturaleza/repteis_por.mp3', 'audios/ENG/naturaleza/reptiles_eng.mp3', 452),
(453, 'audios/ESP/naturaleza/mamiferos_esp.mp3', 'audios/POR/naturaleza/mamiferos_por.mp3', 'audios/ENG/naturaleza/mammals_eng.mp3', 453),
(454, 'audios/ESP/naturaleza/angiospermas_esp.mp3', 'audios/POR/naturaleza/angiospermas_por.mp3', 'audios/ENG/naturaleza/angiosperms_eng.mp3', 454),
(455, 'audios/ESP/naturaleza/arbol_esp.mp3', 'audios/POR/naturaleza/arvore_por.mp3', 'audios/ENG/naturaleza/tree_eng.mp3', 455),
(456, 'audios/ESP/naturaleza/atomo_esp.mp3', 'audios/POR/naturaleza/atomo_por.mp3', 'audios/ENG/naturaleza/atom_eng.mp3', 456),
(457, 'audios/ESP/naturaleza/celula_esp.mp3', 'audios/POR/naturaleza/celula_por.mp3', 'audios/ENG/naturaleza/cell_eng.mp3', 457),
(458, 'audios/ESP/naturaleza/embrion_esp.mp3', 'audios/POR/naturaleza/embriao_por.mp3', 'audios/ENG/naturaleza/embryo_eng.mp3', 458),
(459, 'audios/ESP/naturaleza/genotipo_esp.mp3', 'audios/POR/naturaleza/genotipo_por.mp3', 'audios/ENG/naturaleza/genotype_eng.mp3', 459),
(460, 'audios/ESP/naturaleza/neutron_esp.mp3', 'audios/POR/naturaleza/neutron_por.mp3', 'audios/ENG/naturaleza/neutron_eng.mp3', 460),
(461, 'audios/ESP/naturaleza/nucleo_esp.mp3', 'audios/POR/naturaleza/nucleo_por.mp3', 'audios/ENG/naturaleza/core_eng.mp3', 461),
(462, 'audios/ESP/naturaleza/ovulacion_esp.mp3', 'audios/POR/naturaleza/ovulacao_por.mp3', 'audios/ENG/naturaleza/ovulation_eng.mp3', 462),
(463, 'audios/ESP/naturaleza/proton_esp.mp3', 'audios/POR/naturaleza/proton_por.mp3', 'audios/ENG/naturaleza/proton_eng.mp3', 463),
(464, 'audios/ESP/naturaleza/molecula_esp.mp3', 'audios/POR/naturaleza/molecula_por.mp3', 'audios/ENG/naturaleza/molecule_eng.mp3', 464),
(465, 'audios/ESP/animales/conejo_esp.mp3', 'audios/POR/animales/coelho_por.mp3', 'audios/ENG/animales/rabbit_eng.mp3', 465),
(466, 'audios/ESP/animales/gato_esp.mp3', 'audios/POR/animales/gato_por.mp3', 'audios/ENG/animales/cat_eng.mp3', 466),
(467, 'audios/ESP/animales/perro_esp.mp3', 'audios/POR/animales/cachorro_por.mp3', 'audios/ENG/animales/dog_eng.mp3', 467),
(468, 'audios/ESP/animales/ballena_esp.mp3', 'audios/POR/animales/baleia_por.mp3', 'audios/ENG/animales/whale_eng.mp3', 468),
(469, 'audios/ESP/animales/cocodrilo_esp.mp3', 'audios/POR/animales/crocodilo_por.mp3', 'audios/ENG/animales/crocodile_eng.mp3', 469),
(470, 'audios/ESP/animales/elefante_esp.mp3', 'audios/POR/animales/elefante_por.mp3', 'audios/ENG/animales/elephant_eng.mp3', 470),
(471, 'audios/ESP/animales/gorila_esp.mp3', 'audios/POR/animales/gorila_por.mp3', 'audios/ENG/animales/gorilla_eng.mp3', 471),
(472, 'audios/ESP/animales/oso_esp.mp3', 'audios/POR/animales/urso_por.mp3', 'audios/ENG/animales/bear_eng.mp3', 472),
(473, 'audios/ESP/animales/hiena_esp.mp3', 'audios/POR/animales/hiena_por.mp3', 'audios/ENG/animales/hyena_eng.mp3', 473),
(474, 'audios/ESP/animales/jaguar_esp.mp3', 'audios/POR/animales/jaguar_por.mp3', 'audios/ENG/animales/jaguar_eng.mp3', 474),
(475, 'audios/ESP/animales/leopardo_esp.mp3', 'audios/POR/animales/leopardo_por.mp3', 'audios/ENG/animales/leopard_eng.mp3', 475),
(476, 'audios/ESP/animales/lobo_esp.mp3', 'audios/POR/animales/lobo_por.mp3', 'audios/ENG/animales/wolf_eng.mp3', 476),
(477, 'audios/ESP/animales/puma_esp.mp3', 'audios/POR/animales/puma_por.mp3', 'audios/ENG/animales/cougar_eng.mp3', 477),
(478, 'audios/ESP/animales/rinoceronte_esp.mp3', 'audios/POR/animales/rinoceronte_por.mp3', 'audios/ENG/animales/rhino_eng.mp3', 478),
(479, 'audios/ESP/animales/tiburon_esp.mp3', 'audios/POR/animales/tubarao_por.mp3', 'audios/ENG/animales/shark_eng.mp3', 479),
(480, 'audios/ESP/animales/tigre_esp.mp3', 'audios/POR/animales/tigre_por.mp3', 'audios/ENG/animales/tiger_eng.mp3', 480),
(481, 'audios/ESP/animales/arana_esp.mp3', 'audios/POR/animales/arana_por.mp3', 'audios/ENG/animales/spider_eng.mp3', 481),
(482, 'audios/ESP/animales/grillo_esp.mp3', 'audios/POR/animales/grilo_por.mp3', 'audios/ENG/animales/cricket_eng.mp3', 482),
(483, 'audios/ESP/animales/gusano_esp.mp3', 'audios/POR/animales/verme_por.mp3', 'audios/ENG/animales/worm_eng.mp3', 483),
(484, 'audios/ESP/animales/venado_esp.mp3', 'audios/POR/animales/cervo_por.mp3', 'audios/ENG/animales/deer_eng.mp3', 484),
(485, 'audios/ESP/animales/vaca_esp.mp3', 'audios/POR/animales/vaca_por.mp3', 'audios/ENG/animales/cow_eng.mp3', 485),
(486, 'audios/ESP/animales/tortuga_esp.mp3', 'audios/POR/animales/tartaruga_por.mp3', 'audios/ENG/animales/tortoise_eng.mp3', 486),
(487, 'audios/ESP/animales/sapo_esp.mp3', 'audios/POR/animales/sapo_por.mp3', 'audios/ENG/animales/toad_eng.mp3', 487),
(488, 'audios/ESP/animales/toro_esp.mp3', 'audios/POR/animales/touro_por.mp3', 'audios/ENG/animales/bull_eng.mp3', 488),
(489, 'audios/ESP/animales/raton_esp.mp3', 'audios/POR/animales/rato_por.mp3', 'audios/ENG/animales/mouse_eng.mp3', 489),
(490, 'audios/ESP/animales/pulpo_esp.mp3', 'audios/POR/animales/polvo_por.mp3', 'audios/ENG/animales/octopus_eng.mp3', 490),
(491, 'audios/ESP/animales/pollo_esp.mp3', 'audios/POR/animales/frango_por.mp3', 'audios/ENG/animales/chicken_eng.mp3', 491),
(492, 'audios/ESP/animales/pajaro_esp.mp3', 'audios/POR/animales/passaro_por.mp3', 'audios/ENG/animales/bird_eng.mp3', 492),
(493, 'audios/ESP/animales/pato_esp.mp3', 'audios/POR/animales/pato_por.mp3', 'audios/ENG/animales/duck_eng.mp3', 493),
(494, 'audios/ESP/animales/gallo_esp.mp3', 'audios/POR/animales/galo_por.mp3', 'audios/ENG/animales/rooster_eng.mp3', 494),
(495, 'audios/ESP/animales/gallina_esp.mp3', 'audios/POR/animales/galinha_por.mp3', 'audios/ENG/animales/chicken_eng.mp3', 495),
(496, 'audios/ESP/animales/caballo_esp.mp3', 'audios/POR/animales/cavalo_por.mp3', 'audios/ENG/animales/horse_eng.mp3', 496),
(497, 'audios/ESP/animales/cerdo_esp.mp3', 'audios/POR/animales/porco_por.mp3', 'audios/ENG/animales/pig_eng.mp3', 497),
(498, 'audios/ESP/animales/caracol_esp.mp3', 'audios/POR/animales/caracol_por.mp3', 'audios/ENG/animales/snail_eng.mp3', 498),
(499, 'audios/ESP/animales/canguro_esp.mp3', 'audios/POR/animales/canguro_por.mp3', 'audios/ENG/animales/kangaroo_eng.mp3', 499),
(500, 'audios/ESP/animales/cangrejo_esp.mp3', 'audios/POR/animales/caranguejo_por.mp3', 'audios/ENG/animales/crab_eng.mp3', 500),
(501, 'audios/ESP/animales/camello_esp.mp3', 'audios/POR/animales/camelo_por.mp3', 'audios/ENG/animales/camel_eng.mp3', 501),
(502, 'audios/ESP/animales/cabra_esp.mp3', 'audios/POR/animales/cabra_por.mp3', 'audios/ENG/animales/goat_eng.mp3', 502),
(503, 'audios/ESP/animales/burro_esp.mp3', 'audios/POR/animales/burro_por.mp3', 'audios/ENG/animales/donkey_eng.mp3', 503);

-- --------------------------------------------------------

--
-- Estructura de tabla para la tabla `category`
--

CREATE TABLE IF NOT EXISTS `category` (
  `idCategory` int(255) NOT NULL,
  `categoryName` varchar(255) NOT NULL,
  PRIMARY KEY (`idCategory`)
) ENGINE=InnoDB DEFAULT CHARSET=latin1;

--
-- Volcado de datos para la tabla `category`
--

INSERT INTO `category` (`idCategory`, `categoryName`) VALUES
(1, 'acciones/ações/actions'),
(2, 'alimentos/comida/foods'),
(3, 'calendario/calendário/calendar'),
(4, 'alfabeto/alfabeto/alphabet'),
(5, 'naturaleza/natureza/nature'),
(6, 'colores/cores/colors'),
(7, 'elementos/elementos/elements'),
(8, 'números/números/numbers'),
(9, 'lugares/lugares/places'),
(10, 'enfermedades/enfermedades/diseases'),
(11, 'de vestir/de vestir/drees'),
(12, 'prefesiones/profissões/proffesions'),
(13, 'preguntas/interrogatorios/questions'),
(14, 'valores/valores/values'),
(15, 'familia/família/family');

-- --------------------------------------------------------

--
-- Estructura de tabla para la tabla `evaluation`
--

CREATE TABLE IF NOT EXISTS `evaluation` (
  `idEvaluation` int(255) NOT NULL,
  `activityitem` int(255) NOT NULL,
  PRIMARY KEY (`idEvaluation`),
  KEY `idEvaluation` (`idEvaluation`),
  KEY `activityItemForeignKeyEvaluation` (`activityitem`)
) ENGINE=InnoDB DEFAULT CHARSET=latin1;

--
-- Volcado de datos para la tabla `evaluation`
--

INSERT INTO `evaluation` (`idEvaluation`, `activityitem`) VALUES
(26, 4),
(27, 8),
(28, 11),
(29, 18),
(30, 23),
(32, 27),
(34, 28),
(35, 29),
(33, 30),
(31, 31),
(36, 37),
(37, 42),
(38, 47),
(39, 50),
(40, 53),
(71, 71),
(72, 75),
(73, 81),
(74, 85),
(75, 90),
(106, 100),
(107, 103),
(108, 111),
(109, 129),
(110, 138),
(111, 157),
(112, 164),
(113, 173),
(114, 177),
(115, 182),
(1, 188),
(2, 191),
(3, 194),
(4, 197),
(5, 199),
(6, 201),
(7, 203),
(8, 205),
(9, 207),
(10, 208),
(11, 213),
(12, 217),
(13, 227),
(14, 232),
(15, 235),
(16, 237),
(17, 239),
(20, 240),
(18, 241),
(19, 243),
(21, 246),
(22, 249),
(23, 253),
(24, 254),
(25, 255),
(61, 256),
(62, 258),
(63, 259),
(64, 261),
(65, 262),
(76, 264),
(77, 269),
(78, 272),
(79, 275),
(80, 278),
(86, 281),
(87, 284),
(88, 286),
(89, 288),
(90, 290),
(66, 297),
(67, 299),
(68, 301),
(69, 310),
(70, 313),
(101, 333),
(102, 338),
(103, 341),
(104, 344),
(105, 346),
(91, 353),
(92, 355),
(93, 358),
(94, 362),
(95, 368),
(81, 376),
(82, 378),
(83, 380),
(84, 382),
(85, 384),
(96, 388),
(97, 390),
(98, 392),
(99, 393),
(100, 394),
(116, 396),
(117, 399),
(118, 401),
(119, 404),
(120, 405),
(46, 411),
(47, 421),
(48, 425),
(49, 434),
(50, 444),
(52, 450),
(54, 451),
(55, 452),
(53, 453),
(51, 454),
(41, 457),
(42, 464),
(43, 468),
(44, 475),
(45, 479),
(56, 487),
(57, 490),
(58, 499),
(59, 501),
(60, 515);

-- --------------------------------------------------------

--
-- Estructura de tabla para la tabla `image`
--

CREATE TABLE IF NOT EXISTS `image` (
  `idImage` int(255) NOT NULL,
  `imagesource` varchar(255) NOT NULL,
  `item` int(255) NOT NULL,
  PRIMARY KEY (`idImage`),
  KEY `itemForeignKeyImage` (`item`)
) ENGINE=InnoDB DEFAULT CHARSET=latin1;

--
-- Volcado de datos para la tabla `image`
--

INSERT INTO `image` (`idImage`, `imagesource`, `item`) VALUES
(1, 'style/inicio/categories/alfabeto/img/a.png', 1),
(2, 'style/inicio/categories/alfabeto/img/b.png', 2),
(3, 'style/inicio/categories/alfabeto/img/c.png', 3),
(4, 'style/inicio/categories/alfabeto/img/d.png', 4),
(5, 'style/inicio/categories/alfabeto/img/e.png\r\n', 5),
(6, 'style/inicio/categories/alfabeto/img/f.png\r\n', 6),
(7, 'style/inicio/categories/alfabeto/img/g.png\r\n', 7),
(8, 'style/inicio/categories/alfabeto/img/h.png\r\n', 8),
(9, 'style/inicio/categories/alfabeto/img/i.png\r\n', 9),
(10, 'style/inicio/categories/alfabeto/img/j.png\r\n', 10),
(11, 'style/inicio/categories/alfabeto/img/k.png\r\n', 11),
(12, 'style/inicio/categories/alfabeto/img/l.png\r\n', 12),
(13, 'style/inicio/categories/alfabeto/img/m.png\r\n', 13),
(14, 'style/inicio/categories/alfabeto/img/n.png\r\n', 14),
(15, 'style/inicio/categories/alfabeto/img/o.png\r\n', 15),
(16, 'style/inicio/categories/alfabeto/img/p.png\r\n', 16),
(17, 'style/inicio/categories/alfabeto/img/q.png\r\n', 17),
(18, 'style/inicio/categories/alfabeto/img/r.png\r\n', 18),
(19, 'style/inicio/categories/alfabeto/img/s.png\r\n', 19),
(20, 'style/inicio/categories/alfabeto/img/t.png\r\n', 20),
(21, 'style/inicio/categories/alfabeto/img/u.png\r\n', 21),
(22, 'style/inicio/categories/alfabeto/img/v.png\r\n', 22),
(23, 'style/inicio/categories/alfabeto/img/w.png\r\n', 23),
(24, 'style/inicio/categories/alfabeto/img/x.png\r\n', 24),
(25, 'style/inicio/categories/alfabeto/img/y.png\r\n', 25),
(26, 'style/inicio/categories/alfabeto/img/z.png\r\n', 26),
(27, 'style/inicio/categories/alfabeto/img/ñ.png\r\n', 27),
(28, 'style/inicio/categories/numeros/img/uno.png\r\n', 28),
(29, 'style/inicio/categories/numeros/img/dos.png\r\n', 29),
(30, 'style/inicio/categories/numeros/img/tres.png\r\n', 30),
(31, 'style/inicio/categories/numeros/img/cuatro.png', 31),
(32, 'style/inicio/categories/numeros/img/cinco.png', 32),
(33, 'style/inicio/categories/numeros/img/seis.png', 33),
(34, 'style/inicio/categories/numeros/img/siete.png', 34),
(35, 'style/inicio/categories/numeros/img/ocho.png', 35),
(36, 'style/inicio/categories/numeros/img/nueve.png', 36),
(37, 'style/inicio/categories/numeros/img/diez.png', 37),
(38, 'style/inicio/categories/numeros/img/once.png', 38),
(39, 'style/inicio/categories/numeros/img/doce.png', 39),
(40, 'style/inicio/categories/numeros/img/trece.png', 40),
(41, 'style/inicio/categories/numeros/img/catorce.png', 41),
(42, 'style/inicio/categories/numeros/img/quince.png', 42),
(43, 'style/inicio/categories/numeros/img/dieciseis.png', 43),
(44, 'style/inicio/categories/numeros/img/diecisiete.png', 44),
(45, 'style/inicio/categories/numeros/img/dieciocho.png', 45),
(46, 'style/inicio/categories/numeros/img/diecinueve.png', 46),
(47, 'style/inicio/categories/numeros/img/veinte.png', 47),
(48, 'style/inicio/categories/numeros/img/treinta.png\r\n', 48),
(49, 'style/inicio/categories/numeros/img/cuarenta.png', 49),
(50, 'style/inicio/categories/numeros/img/cincuenta.png', 50),
(51, 'style/inicio/categories/numeros/img/sesenta.png', 51),
(52, 'style/inicio/categories/numeros/img/setenta.png', 52),
(53, 'style/inicio/categories/numeros/img/ochenta.png', 53),
(54, 'style/inicio/categories/numeros/img/noventa.png', 54),
(55, 'style/inicio/categories/numeros/img/cien.png', 55),
(56, 'style/inicio/categories/numeros/img/doscientos.png', 56),
(57, 'style/inicio/categories/numeros/img/trescientos.png', 57),
(58, 'style/inicio/categories/numeros/img/cuatrocientos.png', 58),
(59, 'style/inicio/categories/numeros/img/quinientos.png', 59),
(60, 'style/inicio/categories/numeros/img/seiscientos.png', 60),
(61, 'style/inicio/categories/numeros/img/setecientos.png', 61),
(62, 'style/inicio/categories/numeros/img/ochocientos.png', 62),
(63, 'style/inicio/categories/numeros/img/novecientos.png', 63),
(64, 'style/inicio/categories/numeros/img/mil.png', 64),
(65, 'style/inicio/categories/numeros/img/dosmil.png', 65),
(66, 'style/inicio/categories/numeros/img/tresmil.png', 66),
(67, 'style/inicio/categories/numeros/img/cuatromil.png', 67),
(68, 'style/inicio/categories/numeros/img/cincomil.png', 68),
(69, 'style/inicio/categories/numeros/img/millon.png', 69),
(71, 'style/inicio/categories/acciones/img/comprar.png', 71),
(72, 'style/inicio/categories/acciones/img/hablar.png', 72),
(73, 'style/inicio/categories/acciones/img/pagar.png', 73),
(74, 'style/inicio/categories/acciones/img/salir.png', 74),
(75, 'style/inicio/categories/acciones/img/trasnochar.png', 75),
(76, 'style/inicio/categories/acciones/img/visitar.png', 76),
(77, 'style/inicio/categories/acciones/img/olvidar.png', 77),
(78, 'style/inicio/categories/acciones/img/necesitar.png', 78),
(79, 'style/inicio/categories/acciones/img/bajar.png', 79),
(80, 'style/inicio/categories/acciones/img/acompanar.png', 80),
(81, 'style/inicio/categories/acciones/img/abrircortina.png', 81),
(82, 'style/inicio/categories/acciones/img/adiestrar.png', 82),
(83, 'style/inicio/categories/acciones/img/comer.png', 83),
(84, 'style/inicio/categories/acciones/img/evitar.png', 84),
(85, 'style/inicio/categories/acciones/img/respetar.png', 85),
(86, 'style/inicio/categories/acciones/img/salvar.png', 86),
(87, 'style/inicio/categories/acciones/img/traer.png', 87),
(88, 'style/inicio/categories/acciones/img/entender.png', 88),
(89, 'style/inicio/categories/acciones/img/despertar.png', 89),
(90, 'style/inicio/categories/acciones/img/celebrar.png', 90),
(91, 'style/inicio/categories/acciones/img/cambiar.png', 91),
(92, 'style/inicio/categories/acciones/img/absorber.png', 92),
(93, 'style/inicio/categories/acciones/img/ensenar.png', 93),
(94, 'style/inicio/categories/acciones/img/dibujar.png', 94),
(95, 'style/inicio/categories/acciones/img/correr.png', 95),
(96, 'style/inicio/categories/acciones/img/caminar.png', 96),
(97, 'style/inicio/categories/acciones/img/autorizar.png', 97),
(98, 'style/inicio/categories/acciones/img/alcanzar.png', 98),
(99, 'style/inicio/categories/acciones/img/cantar.png', 99),
(100, 'style/inicio/categories/acciones/img/descansar.png', 100),
(101, 'style/inicio/categories/acciones/img/colorear.png', 101),
(102, 'style/inicio/categories/acciones/img/escuchar.png', 102),
(103, 'style/inicio/categories/acciones/img/nadar.png', 103),
(104, 'style/inicio/categories/acciones/img/saltar.png', 104),
(105, 'style/inicio/categories/acciones/img/vender.png', 105),
(106, 'style/inicio/categories/acciones/img/acariciar.png', 106),
(107, 'style/inicio/categories/acciones/img/barrer.png', 107),
(108, 'style/inicio/categories/acciones/img/explicar.png', 108),
(109, 'style/inicio/categories/acciones/img/leer.png', 109),
(110, 'style/inicio/categories/acciones/img/participar.png', 110),
(111, 'style/inicio/categories/acciones/img/llamar.png', 111),
(112, 'style/inicio/categories/acciones/img/extranar.png\r\n', 112),
(113, 'style/inicio/categories/acciones/img/encontrar.png\r\n', 113),
(114, 'style/inicio/categories/acciones/img/continuar.png\r\n', 114),
(115, 'style/inicio/categories/acciones/img/coger.png\r\n', 115),
(116, 'style/inicio/categories/acciones/img/avanzar.png\r\n', 116),
(118, 'style/inicio/categories/acciones/img/acomodar.png\r\n', 118),
(119, 'style/inicio/categories/acciones/img/admirar.png\r\n', 119),
(120, 'style/inicio/categories/acciones/img/dar.png\r\n', 120),
(121, 'style/inicio/categories/acciones/img/jugar.png\r\n', 121),
(122, 'style/inicio/categories/acciones/img/oir.png\r\n', 122),
(123, 'style/inicio/categories/acciones/img/recordar.png\r\n', 123),
(124, 'style/inicio/categories/acciones/img/vestir.png\r\n', 124),
(125, 'style/inicio/categories/acciones/img/coleccionar.png\r\n', 125),
(126, 'style/inicio/categories/acciones/img/adoptar.png', 126),
(127, 'style/inicio/categories/acciones/img/bucear.png\r\n', 127),
(128, 'style/inicio/categories/acciones/img/empezar.png', 128),
(129, 'style/inicio/categories/acciones/img/comparar.png', 129),
(131, 'style/inicio/categories/acciones/img/crecer.png', 131),
(132, 'style/inicio/categories/acciones/img/escribir.png', 132),
(134, 'style/inicio/categories/acciones/img/bromear.png', 134),
(135, 'style/inicio/categories/acciones/img/confirmar.png', 135),
(136, 'style/inicio/categories/acciones/img/dormir.png', 136),
(137, 'style/inicio/categories/acciones/img/hacer.png', 137),
(138, 'style/inicio/categories/acciones/img/llamar.png', 138),
(139, 'style/inicio/categories/acciones/img/ofrecer.png', 139),
(140, 'style/inicio/categories/acciones/img/sentir.png', 140),
(141, 'style/inicio/categories/acciones/img/ver.png', 141),
(142, 'style/inicio/categories/acciones/img/invitar.png', 142),
(143, 'style/inicio/categories/acciones/img/terminar.png', 143),
(144, 'style/inicio/categories/acciones/img/limpiar.png', 144),
(145, 'style/inicio/categories/acciones/img/ayudar.png', 145),
(146, 'style/inicio/categories/acciones/img/abandonar.png', 146),
(147, 'style/inicio/categories/acciones/img/bailar.png', 147),
(148, 'style/inicio/categories/acciones/img/enamorar.png', 148),
(149, 'style/inicio/categories/acciones/img/estudiar.png', 149),
(150, 'style/inicio/categories/acciones/img/obedecer.png', 150),
(151, 'style/inicio/categories/acciones/img/llorar.png', 151),
(152, 'style/inicio/categories/acciones/img/repetir.png', 152),
(153, 'style/inicio/categories/acciones/img/sentarse.png', 153),
(154, 'style/inicio/categories/acciones/img/arreglar.png', 154),
(155, 'style/inicio/categories/acciones/img/avisar.png', 155),
(157, 'style/inicio/categories/acciones/img/observar.png', 157),
(158, 'style/inicio/categories/acciones/img/opinar.png', 158),
(159, 'style/inicio/categories/acciones/img/pelear.png', 159),
(160, 'style/inicio/categories/acciones/img/pensar.png', 160),
(161, 'style/inicio/categories/acciones/img/preguntar.png', 161),
(165, 'style/inicio/categories/acciones/img/reir.png', 165),
(166, 'style/inicio/categories/acciones/img/respirar.png', 166),
(167, 'style/inicio/categories/alimentos/img/fresa.png', 167),
(168, 'style/inicio/categories/alimentos/img/durazno.png', 168),
(169, 'style/inicio/categories/alimentos/img/aguacate.png', 169),
(170, 'style/inicio/categories/alimentos/img/naranja.png', 170),
(171, 'style/inicio/categories/alimentos/img/papaya.png', 171),
(172, 'style/inicio/categories/alimentos/img/tomate.png', 172),
(173, 'style/inicio/categories/alimentos/img/uva.png', 173),
(174, 'style/inicio/categories/alimentos/img/mora.png', 174),
(175, 'style/inicio/categories/alimentos/img/manzana.png', 175),
(176, 'style/inicio/categories/alimentos/img/pina.png', 176),
(177, 'style/inicio/categories/alimentos/img/pera.png', 177),
(178, 'style/inicio/categories/alimentos/img/limon.png', 178),
(179, 'style/inicio/categories/alimentos/img/guayaba.png', 179),
(180, 'style/inicio/categories/alimentos/img/banano.png', 180),
(181, 'style/inicio/categories/alimentos/img/platano.png', 181),
(182, 'style/inicio/categories/alimentos/img/zanahoria.png', 182),
(183, 'style/inicio/categories/alimentos/img/cebolla.png', 183),
(184, 'style/inicio/categories/alimentos/img/aji.png', 184),
(185, 'style/inicio/categories/alimentos/img/habichuela.png', 185),
(186, 'style/inicio/categories/alimentos/img/yuca.png', 186),
(187, 'style/inicio/categories/alimentos/img/mazorca.png', 187),
(188, 'style/inicio/categories/alimentos/img/ajo.png', 188),
(189, 'style/inicio/categories/alimentos/img/agua.png', 189),
(190, 'style/inicio/categories/alimentos/img/caldo.png', 190),
(191, 'style/inicio/categories/alimentos/img/comida.png', 191),
(192, 'style/inicio/categories/alimentos/img/gelatina.png', 192),
(193, 'style/inicio/categories/alimentos/img/sal.png', 193),
(194, 'style/inicio/categories/alimentos/img/salchicha.png', 194),
(195, 'style/inicio/categories/alimentos/img/pan.png', 195),
(196, 'style/inicio/categories/alimentos/img/ensalada.png', 196),
(197, 'style/inicio/categories/alimentos/img/carne.png', 197),
(198, 'style/inicio/categories/alimentos/img/almuerzo.png', 198),
(199, 'style/inicio/categories/alimentos/img/bunuelo.png', 199),
(200, 'style/inicio/categories/alimentos/img/champinon.png', 200),
(201, 'style/inicio/categories/alimentos/img/galleta.png', 201),
(202, 'style/inicio/categories/alimentos/img/gaseosa.png', 202),
(203, 'style/inicio/categories/alimentos/img/queso.png', 203),
(204, 'style/inicio/categories/alimentos/img/salsa_de_tomate.png', 204),
(205, 'style/inicio/categories/alimentos/img/espagueti.png', 205),
(206, 'style/inicio/categories/alimentos/img/cafe.png', 206),
(207, 'style/inicio/categories/alimentos/img/cerveza.png', 207),
(208, 'style/inicio/categories/alimentos/img/pizza.png', 208),
(209, 'style/inicio/categories/alimentos/img/verdura.png', 209),
(210, 'style/inicio/categories/alimentos/img/torta.png', 210),
(211, 'style/inicio/categories/alimentos/img/azucar.png', 211),
(212, 'style/inicio/categories/alimentos/img/chocolate.png', 212),
(213, 'style/inicio/categories/alimentos/img/desayuno.png', 213),
(214, 'style/inicio/categories/alimentos/img/sopa.png', 214),
(215, 'style/inicio/categories/alimentos/img/te.png', 215),
(216, 'style/inicio/categories/alimentos/img/mayonesa.png', 216),
(217, 'style/inicio/categories/calendario/img/lunes.png', 217),
(218, 'style/inicio/categories/calendario/img/martes.png', 218),
(219, 'style/inicio/categories/calendario/img/miercoles.png', 219),
(220, 'style/inicio/categories/calendario/img/jueves.png', 220),
(221, 'style/inicio/categories/calendario/img/viernes.png', 221),
(222, 'style/inicio/categories/calendario/img/sabado.png', 222),
(223, 'style/inicio/categories/calendario/img/domingo.png', 223),
(224, 'style/inicio/categories/calendario/img/enero.png', 224),
(225, 'style/inicio/categories/calendario/img/febrero.png', 225),
(226, 'style/inicio/categories/calendario/img/marzo.png', 226),
(227, 'style/inicio/categories/calendario/img/abril.png', 227),
(228, 'style/inicio/categories/calendario/img/mayo.png', 228),
(229, 'style/inicio/categories/calendario/img/junio.png', 229),
(230, 'style/inicio/categories/calendario/img/julio.png', 230),
(231, 'style/inicio/categories/calendario/img/agosto.png', 231),
(232, 'style/inicio/categories/calendario/img/septiembre.png', 232),
(233, 'style/inicio/categories/calendario/img/octubre.png', 233),
(234, 'style/inicio/categories/calendario/img/noviembre.png', 234),
(235, 'style/inicio/categories/calendario/img/diciembre.png', 235),
(236, 'style/inicio/categories/colores/img/amarillo.png', 236),
(237, 'style/inicio/categories/colores/img/azul.png', 237),
(238, 'style/inicio/categories/colores/img/rojo.png', 238),
(239, 'style/inicio/categories/colores/img/verde.png', 239),
(240, 'style/inicio/categories/colores/img/negro.png', 240),
(241, 'style/inicio/categories/colores/img/gris.png', 241),
(242, 'style/inicio/categories/colores/img/blanco.png', 242),
(243, 'style/inicio/categories/places/img/alcaldia.png', 243),
(244, 'style/inicio/categories/places/img/biblioteca.png', 244),
(245, 'style/inicio/categories/places/img/hotel.png', 245),
(246, 'style/inicio/categories/places/img/universidad.png', 246),
(247, 'style/inicio/categories/places/img/restaurante.png', 247),
(248, 'style/inicio/categories/places/img/hospital.png', 248),
(249, 'style/inicio/categories/places/img/bodega.png', 249),
(250, 'style/inicio/categories/places/img/tienda.png', 250),
(251, 'style/inicio/categories/places/img/gimnasio.png', 251),
(252, 'style/inicio/categories/places/img/oficina.png', 252),
(253, 'style/inicio/categories/places/img/iglesia.png', 253),
(254, 'style/inicio/categories/places/img/garage.png', 254),
(255, 'style/inicio/categories/places/img/apartamento.png', 255),
(256, 'style/inicio/categories/places/img/parque.png', 256),
(257, 'style/inicio/categories/places/img/peluqueria.png', 257),
(258, 'style/inicio/categories/places/img/supermercado.png', 258),
(259, 'style/inicio/categories/places/img/playa.png', 259),
(260, 'style/inicio/categories/places/img/discoteca.png', 260),
(261, 'style/inicio/categories/Vestir/img/abrigo.png', 261),
(262, 'style/inicio/categories/Vestir/img/calzoncillos.png', 262),
(263, 'style/inicio/categories/Vestir/img/correa.png', 263),
(264, 'style/inicio/categories/Vestir/img/calzones.png', 264),
(265, 'style/inicio/categories/Vestir/img/camisa.png', 265),
(266, 'style/inicio/categories/Vestir/img/sombrero.png', 266),
(267, 'style/inicio/categories/Vestir/img/pantalon.png', 267),
(268, 'style/inicio/categories/Vestir/img/blusa.png', 268),
(269, 'style/inicio/categories/Vestir/img/chaqueta.png', 269),
(270, 'style/inicio/categories/Vestir/img/vestido.png', 270),
(271, 'style/inicio/categories/Vestir/img/guantes.png', 271),
(272, 'style/inicio/categories/Vestir/img/corbata.png', 272),
(273, 'style/inicio/categories/elementos/img/botiquin.png', 273),
(274, 'style/inicio/categories/elementos/img/abanico.png', 274),
(275, 'style/inicio/categories/elementos/img/botella.png', 275),
(276, 'style/inicio/categories/elementos/img/gafas.png', 276),
(277, 'style/inicio/categories/elementos/img/plancha.png', 277),
(278, 'style/inicio/categories/elementos/img/vaso.png', 278),
(279, 'style/inicio/categories/elementos/img/cadena.png', 279),
(280, 'style/inicio/categories/elementos/img/jaula.png', 280),
(281, 'style/inicio/categories/elementos/img/labial.png', 281),
(283, 'style/inicio/categories/elementos/img/carro.png', 283),
(284, 'style/inicio/categories/elementos/img/boleta.png', 284),
(285, 'style/inicio/categories/elementos/img/caja.png', 285),
(286, 'style/inicio/categories/elementos/img/cremallera.png', 286),
(287, 'style/inicio/categories/elementos/img/jeringa.png', 287),
(288, 'style/inicio/categories/elementos/img/telescopio.png', 288),
(290, 'style/inicio/categories/elementos/img/llave.png', 290),
(291, 'style/inicio/categories/elementos/img/embudo.png', 291),
(292, 'style/inicio/categories/elementos/img/camara.png', 292),
(294, 'style/inicio/categories/elementos/img/brujula.png', 294),
(295, 'style/inicio/categories/elementos/img/lana.png', 295),
(296, 'style/inicio/categories/elementos/img/perfume.png', 296),
(297, 'style/inicio/categories/elementos/img/termometro.png', 297),
(298, 'style/inicio/categories/elementos/img/medalla.png', 298),
(299, 'style/inicio/categories/elementos/img/cepillodedientes.png', 299),
(300, 'style/inicio/categories/elementos/img/candado.png', 300),
(301, 'style/inicio/categories/elementos/img/espejo.png', 301),
(302, 'style/inicio/categories/elementos/img/tesoro.png', 302),
(303, 'style/inicio/categories/elementos/img/toalla.png', 303),
(304, 'style/inicio/categories/elementos/img/muneco.png', 304),
(305, 'style/inicio/categories/elementos/img/pincel.png', 305),
(307, 'style/inicio/categories/elementos/img/casa.png', 307),
(308, 'style/inicio/categories/elementos/img/carta.png', 308),
(309, 'style/inicio/categories/elementos/img/billetera.png', 309),
(310, 'style/inicio/categories/elementos/img/bandera.png', 310),
(311, 'style/inicio/categories/elementos/img/campana.png', 311),
(312, 'style/inicio/categories/elementos/img/pelota.png', 312),
(313, 'style/inicio/categories/elementos/img/pendulo.png', 313),
(314, 'style/inicio/categories/elementos/img/canasta.png', 314),
(315, 'style/inicio/categories/elementos/img/billete.png', 315),
(316, 'style/inicio/categories/elementos/img/avion.png', 316),
(317, 'style/inicio/categories/familia/img/mama.png', 317),
(318, 'style/inicio/categories/familia/img/papa.png', 318),
(319, 'style/inicio/categories/familia/img/hermano.png', 319),
(320, 'style/inicio/categories/familia/img/hermana.png', 320),
(321, 'style/inicio/categories/familia/img/abuelo.png', 321),
(322, 'style/inicio/categories/familia/img/abuela.png', 322),
(323, 'style/inicio/categories/familia/img/tio.png', 323),
(324, 'style/inicio/categories/familia/img/tia.png', 324),
(325, 'style/inicio/categories/familia/img/nieto.png', 325),
(326, 'style/inicio/categories/familia/img/nieta.png', 326),
(327, 'style/inicio/categories/familia/img/primo.png', 327),
(328, 'style/inicio/categories/familia/img/prima.png', 328),
(329, 'style/inicio/categories/familia/img/sobrino.png', 329),
(330, 'style/inicio/categories/familia/img/sobrina.png', 330),
(331, 'style/inicio/categories/familia/img/esposo.png', 331),
(332, 'style/inicio/categories/familia/img/esposa.png', 332),
(333, 'style/inicio/categories/familia/img/hijo.png', 333),
(334, 'style/inicio/categories/profesiones/img/disenador.png', 334),
(335, 'style/inicio/categories/profesiones/img/medico.png', 335),
(336, 'style/inicio/categories/profesiones/img/ortodoncista.png', 336),
(337, 'style/inicio/categories/profesiones/img/ginecologo.png', 337),
(338, 'style/inicio/categories/profesiones/img/chef.png', 338),
(339, 'style/inicio/categories/profesiones/img/obispo.png', 339),
(340, 'style/inicio/categories/profesiones/img/jardinero.png', 340),
(341, 'style/inicio/categories/profesiones/img/panadero.png', 341),
(342, 'style/inicio/categories/profesiones/img/secretaria.png', 342),
(343, 'style/inicio/categories/profesiones/img/vendedor.png', 343),
(344, 'style/inicio/categories/profesiones/img/traductor.png', 344),
(345, 'style/inicio/categories/profesiones/img/presidente.png', 345),
(346, 'style/inicio/categories/profesiones/img/oftalmologo.png', 346),
(347, 'style/inicio/categories/profesiones/img/ingeniero.png', 347),
(348, 'style/inicio/categories/profesiones/img/astronauta.png', 348),
(349, 'style/inicio/categories/profesiones/img/alcalde.png', 349),
(350, 'style/inicio/categories/profesiones/img/director.png', 350),
(352, 'style/inicio/categories/profesiones/img/ministro.png', 352),
(353, 'style/inicio/categories/profesiones/img/barbero.png', 353),
(354, 'style/inicio/categories/profesiones/img/auditor.png', 354),
(355, 'style/inicio/categories/profesiones/img/cientifico.png', 355),
(356, 'style/inicio/categories/profesiones/img/profesor.png', 356),
(357, 'style/inicio/categories/profesiones/img/sacerdote.png', 357),
(358, 'style/inicio/categories/profesiones/img/poeta.png', 358),
(359, 'style/inicio/categories/enfermedades/img/gripe.png', 359),
(360, 'style/inicio/categories/enfermedades/img/asfixia.png', 360),
(361, 'style/inicio/categories/enfermedades/img/paludismo.png', 361),
(362, 'style/inicio/categories/enfermedades/img/sida.png', 362),
(363, 'style/inicio/categories/enfermedades/img/diarrea.png', 363),
(364, 'style/inicio/categories/enfermedades/img/dolor.png', 364),
(365, 'style/inicio/categories/enfermedades/img/lepra.png', 365),
(366, 'style/inicio/categories/enfermedades/img/acne.png', 366),
(367, 'style/inicio/categories/enfermedades/img/cancer.png', 367),
(368, 'style/inicio/categories/enfermedades/img/asma.png', 368),
(369, 'style/inicio/categories/enfermedades/img/tos.png', 369),
(370, 'style/inicio/categories/enfermedades/img/trombosis.png', 370),
(371, 'style/inicio/categories/enfermedades/img/miopia.png', 371),
(372, 'style/inicio/categories/valores/img/amable.png', 372),
(373, 'style/inicio/categories/valores/img/paciente.png', 373),
(374, 'style/inicio/categories/valores/img/respetuoso.png', 374),
(375, 'style/inicio/categories/valores/img/responsable.png', 375),
(376, 'style/inicio/categories/valores/img/leal.png', 376),
(377, 'style/inicio/categories/valores/img/simpatico.png', 377),
(378, 'style/inicio/categories/valores/img/autonomo.png', 378),
(379, 'style/inicio/categories/cuestiones/img/donde.png', 379),
(380, 'style/inicio/categories/cuestiones/img/dondequeda.png', 380),
(381, 'style/inicio/categories/cuestiones/img/dondevives.png', 381),
(382, 'style/inicio/categories/cuestiones/img/como.png', 382),
(383, 'style/inicio/categories/cuestiones/img/comoesta.png', 383),
(384, 'style/inicio/categories/cuestiones/img/cuanto.png', 384),
(385, 'style/inicio/categories/cuestiones/img/cuando.png', 385),
(386, 'style/inicio/categories/cuestiones/img/porque.png', 386),
(387, 'style/inicio/categories/cuestiones/img/que.png', 387),
(388, 'style/inicio/categories/cuestiones/img/queeseso.png', 388),
(389, 'style/inicio/categories/cuestiones/img/quepaso.png', 389),
(390, 'style/inicio/categories/cuestiones/img/quien.png', 390),
(391, 'style/inicio/categories/anatomia/img/nariz.png', 391),
(392, 'style/inicio/categories/anatomia/img/pelo.png', 392),
(393, 'style/inicio/categories/anatomia/img/senos.png', 393),
(394, 'style/inicio/categories/anatomia/img/pestanas.png', 394),
(395, 'style/inicio/categories/anatomia/img/ojos.png', 395),
(396, 'style/inicio/categories/anatomia/img/encefalo.png', 396),
(397, 'style/inicio/categories/anatomia/img/torax.png', 397),
(398, 'style/inicio/categories/anatomia/img/faringe.png', 398),
(399, 'style/inicio/categories/anatomia/img/ovario.png', 399),
(400, 'style/inicio/categories/anatomia/img/brazo.png', 400),
(401, 'style/inicio/categories/anatomia/img/dentadura.png', 401),
(402, 'style/inicio/categories/anatomia/img/boca.png', 402),
(403, 'style/inicio/categories/anatomia/img/espalda.png', 403),
(404, 'style/inicio/categories/anatomia/img/oreja.png', 404),
(405, 'style/inicio/categories/anatomia/img/pies.png', 405),
(406, 'style/inicio/categories/anatomia/img/testiculos.png', 406),
(407, 'style/inicio/categories/anatomia/img/corazon.png', 407),
(408, 'style/inicio/categories/anatomia/img/cabello.png', 408),
(409, 'style/inicio/categories/anatomia/img/glandulas.png', 409),
(410, 'style/inicio/categories/anatomia/img/amigdala.png', 410),
(411, 'style/inicio/categories/anatomia/img/pene.png', 411),
(412, 'style/inicio/categories/anatomia/img/higado.png', 412),
(413, 'style/inicio/categories/anatomia/img/papilas.png', 413),
(414, 'style/inicio/categories/anatomia/img/retina.png', 414),
(415, 'style/inicio/categories/anatomia/img/utero.png', 415),
(416, 'style/inicio/categories/anatomia/img/parpado.png', 416),
(417, 'style/inicio/categories/anatomia/img/ceja.png', 417),
(418, 'style/inicio/categories/anatomia/img/dedos.png', 418),
(419, 'style/inicio/categories/anatomia/img/cara.png', 419),
(420, 'style/inicio/categories/anatomia/img/bazo.png', 420),
(421, 'style/inicio/categories/anatomia/img/hombro.png', 421),
(422, 'style/inicio/categories/anatomia/img/ovulos.png', 422),
(423, 'style/inicio/categories/anatomia/img/pulmones.png', 423),
(424, 'style/inicio/categories/anatomia/img/vagina.png', 424),
(425, 'style/inicio/categories/anatomia/img/estomago.png', 425),
(426, 'style/inicio/categories/anatomia/img/cuello.png', 426),
(427, 'style/inicio/categories/anatomia/img/cabeza.png', 427),
(428, 'style/inicio/categories/anatomia/img/pierna.png', 428),
(429, 'style/inicio/categories/anatomia/img/mano.png', 429),
(430, 'style/inicio/categories/anatomia/img/rinones.png', 430),
(431, 'style/inicio/categories/anatomia/img/cerebro.png', 431),
(432, 'style/inicio/categories/anatomia/img/columna.png', 432),
(433, 'style/inicio/categories/anatomia/img/oido.png', 433),
(434, 'style/inicio/categories/invertebrados/img/artropodos.png', 434),
(435, 'style/inicio/categories/invertebrados/img/moluscos.png', 435),
(436, 'style/inicio/categories/invertebrados/img/equinodermos.png', 436),
(437, 'style/inicio/categories/invertebrados/img/gusanos.png', 437),
(438, 'style/inicio/categories/invertebrados/img/celentereos.png', 438),
(439, 'style/inicio/categories/naturaleza/img/clorofila.png', 439),
(440, 'style/inicio/categories/naturaleza/img/nutrientes.png', 440),
(441, 'style/inicio/categories/naturaleza/img/oxigeno.png', 441),
(444, 'style/inicio/categories/naturaleza/img/ecosistema.png', 444),
(445, 'style/inicio/categories/naturaleza/img/metamorfosis.png', 445),
(446, 'style/inicio/categories/naturaleza/img/anelidos.png', 446),
(447, 'style/inicio/categories/naturaleza/img/anfibios.png', 447),
(448, 'style/inicio/categories/naturaleza/img/invertebrados.png', 448),
(449, 'style/inicio/categories/naturaleza/img/omnivoros.png', 449),
(450, 'style/inicio/categories/naturaleza/img/oviparos.png', 450),
(451, 'style/inicio/categories/naturaleza/img/viviparos.png', 451),
(452, 'style/inicio/categories/naturaleza/img/reptiles.png', 452),
(453, 'style/inicio/categories/naturaleza/img/mamiferos.png', 453),
(454, 'style/inicio/categories/naturaleza/img/angiospermas.png', 454),
(455, 'style/inicio/categories/naturaleza/img/arbol.png', 455),
(456, 'style/inicio/categories/naturaleza/img/atomo.png', 456),
(457, 'style/inicio/categories/naturaleza/img/celula.png', 457),
(458, 'style/inicio/categories/naturaleza/img/embrion.png', 458),
(459, 'style/inicio/categories/naturaleza/img/genotipo.png', 459),
(460, 'style/inicio/categories/naturaleza/img/neutron.png', 460),
(461, 'style/inicio/categories/naturaleza/img/nucleo.png', 461),
(462, 'style/inicio/categories/naturaleza/img/ovulacion.png', 462),
(463, 'style/inicio/categories/naturaleza/img/proton.png', 463),
(464, 'style/inicio/categories/naturaleza/img/molecula.png', 464),
(465, 'style/inicio/categories/animales/img/conejo.png', 465),
(466, 'style/inicio/categories/animales/img/gato.png', 466),
(467, 'style/inicio/categories/animales/img/perro.png', 467),
(468, 'style/inicio/categories/animales/img/ballena.png', 468),
(469, 'style/inicio/categories/animales/img/cocodrilo.png', 469),
(470, 'style/inicio/categories/animales/img/elefante.png', 470),
(471, 'style/inicio/categories/animales/img/gorila.png', 471),
(472, 'style/inicio/categories/animales/img/oso.png', 472),
(473, 'style/inicio/categories/animales/img/hiena.png', 473),
(474, 'style/inicio/categories/animales/img/jaguar.png', 474),
(475, 'style/inicio/categories/animales/img/leopardo.png', 475),
(476, 'style/inicio/categories/animales/img/lobo.png', 476),
(477, 'style/inicio/categories/animales/img/puma.png', 477),
(478, 'style/inicio/categories/animales/img/rinoceronte.png', 478),
(479, 'style/inicio/categories/animales/img/tiburon.png', 479),
(480, 'style/inicio/categories/animales/img/tigre.png', 480),
(481, 'style/inicio/categories/animales/img/arana.png', 481),
(482, 'style/inicio/categories/animales/img/grillo.png', 482),
(483, 'style/inicio/categories/animales/img/gusano.png', 483),
(484, 'style/inicio/categories/animales/img/venado.png', 484),
(485, 'style/inicio/categories/animales/img/vaca.png', 485),
(486, 'style/inicio/categories/animales/img/tortuga.png', 486),
(487, 'style/inicio/categories/animales/img/sapo.png', 487),
(488, 'style/inicio/categories/animales/img/toro.png', 488),
(489, 'style/inicio/categories/animales/img/raton.png', 489),
(490, 'style/inicio/categories/animales/img/pulpo.png', 490),
(491, 'style/inicio/categories/animales/img/pollo.png', 491),
(492, 'style/inicio/categories/animales/img/pajaro.png', 492),
(493, 'style/inicio/categories/animales/img/pato.png', 493),
(494, 'style/inicio/categories/animales/img/gallo.png', 494),
(495, 'style/inicio/categories/animales/img/gallina.png', 495),
(496, 'style/inicio/categories/animales/img/caballo.png', 496),
(497, 'style/inicio/categories/animales/img/cerdo.png', 497),
(498, 'style/inicio/categories/animales/img/caracol.png', 498),
(499, 'style/inicio/categories/animales/img/canguro.png', 499),
(500, 'style/inicio/categories/animales/img/cangrejo.png', 500),
(501, 'style/inicio/categories/animales/img/camello.png', 501),
(502, 'style/inicio/categories/animales/img/cabra.png', 502),
(503, 'style/inicio/categories/animales/img/burro.png', 503);

-- --------------------------------------------------------

--
-- Estructura de tabla para la tabla `item`
--

CREATE TABLE IF NOT EXISTS `item` (
  `idItem` int(255) NOT NULL AUTO_INCREMENT,
  `itemesp` varchar(255) DEFAULT NULL,
  `itempor` varchar(255) DEFAULT NULL,
  `itemeng` varchar(255) DEFAULT NULL,
  PRIMARY KEY (`idItem`)
) ENGINE=InnoDB  DEFAULT CHARSET=latin1 AUTO_INCREMENT=504 ;

--
-- Volcado de datos para la tabla `item`
--

INSERT INTO `item` (`idItem`, `itemesp`, `itempor`, `itemeng`) VALUES
(1, 'Aa', 'Aa', 'Aa'),
(2, 'Bb', 'Bb', 'Bb'),
(3, 'Cc', 'Cc', 'Cc'),
(4, 'Dd', 'Dd', 'Dd'),
(5, 'Ee', 'Ee', 'Ee'),
(6, 'Ff', 'Ff', 'Ff'),
(7, 'Gg', 'Gg', 'Gg'),
(8, 'Hh', 'Hh', 'Hh'),
(9, 'Ii', 'Ii', 'Ii'),
(10, 'Jj', 'Jj', 'Jj'),
(11, 'Kk', 'Kk', 'Kk'),
(12, 'Ll', 'Ll', 'Ll'),
(13, 'Mm', 'Mm', 'Mm'),
(14, 'Nn', 'Nn', 'Nn'),
(15, 'Oo', 'Oo', 'Oo'),
(16, 'Pp', 'Pp', 'Pp'),
(17, 'Qq', 'Qq', 'Qq'),
(18, 'Rr', 'Rr', 'Rr'),
(19, 'Ss', 'Ss', 'Ss'),
(20, 'Tt', 'Tt', 'Tt'),
(21, 'Uu', 'Uu', 'Uu'),
(22, 'Vv', 'Vv', 'Vv'),
(23, 'Ww', 'Ww', 'Ww'),
(24, 'Xx', 'Xx', 'Xx'),
(25, 'Yy', 'Yy', 'Yy'),
(26, 'Zz', 'Zz', 'Zz'),
(27, 'Ññ', NULL, NULL),
(28, 'uno', 'um', 'one'),
(29, 'dos', 'dois', 'two'),
(30, 'trés', 'três', 'three'),
(31, 'cuatro', 'quatro', 'four'),
(32, 'cinco', 'cinco', 'five'),
(33, 'seis', 'seis', 'six'),
(34, 'siete', 'sete', 'seven'),
(35, 'ocho', 'oito', 'eight'),
(36, 'nueve', 'nove', 'nine'),
(37, 'diez', 'dez', 'ten'),
(38, 'once', 'onze', 'eleven'),
(39, 'doce', 'doze', 'twelve'),
(40, 'trece', 'treze', 'thirteen'),
(41, 'catorce', 'catorze', 'fourteen'),
(42, 'quince', 'quinze', 'fifteen'),
(43, 'dieciseis', 'dezesseis', 'sixteen'),
(44, 'diecisiete', 'dezessete', 'seventeen'),
(45, 'dieciocho', 'dezoito', 'eighteen'),
(46, 'diecinueve', 'dezenove', 'nineteen'),
(47, 'veinte', 'vinte', 'twenty'),
(48, 'treinta', 'trinta', 'thirty'),
(49, 'cuarenta', 'cuarenta', 'fourty'),
(50, 'cincuenta', 'cinqüenta', 'fifty'),
(51, 'sesenta', 'sesenta', 'sixty'),
(52, 'setenta', 'setenta', 'seventy'),
(53, 'ochenta', 'oitenta', 'eighty'),
(54, 'noventa', 'noventa', 'ninety'),
(55, 'cien', 'cem', 'one hundred'),
(56, 'doscientos', 'dozentos', 'two hundred'),
(57, 'trescientos', 'trezentos', 'three hundred'),
(58, 'cuatrocientos', 'quatrocentos', 'four hundred'),
(59, 'quinientos', 'quinhentos', 'five hundred'),
(60, 'seiscientos', 'seiscentos', 'six hundred'),
(61, 'setecientos', 'setecentos', 'seven hundred'),
(62, 'ochocientos', 'oitocentos', 'eight hundred'),
(63, 'novecientos', 'novecentos', 'nine hundred'),
(64, 'mil', 'mil', 'one thousand'),
(65, 'dos mil', 'dois mil', 'two thousand'),
(66, 'tres mil', 'três mil', 'three thousand'),
(67, 'cuatro mil', 'quatro mil', 'four thousand'),
(68, 'cinco mil', 'cinco mil', 'five thousand'),
(69, 'un millon', 'um milhão', 'one million'),
(71, 'comprar', 'comprar', 'to buy'),
(72, 'hablar', 'falar', 'talk'),
(73, 'pagar', 'pagar', 'pay'),
(74, 'salir', 'sair', 'get out'),
(75, 'trasnochar', 'ficar até tarde', 'stay up late'),
(76, 'visitar', 'visitar', 'to visit'),
(77, 'olvidar', 'esquecer', 'forget'),
(78, 'necesitar', 'precisar', 'need'),
(79, 'bajar', 'baixar', 'go down'),
(80, 'acompañar', 'acompanhar', 'accompany'),
(81, 'abrir_cortina', 'abrir cortina', 'open curtain'),
(82, 'adiestrar', 'treinar', 'train'),
(83, 'comer', 'comer', 'eat'),
(84, 'evitar', 'evitar', 'avoid'),
(85, 'respetar', 'respeitar', 'respect'),
(86, 'salvar', 'salvar', 'save'),
(87, 'traer', 'trazer', 'bring'),
(88, 'entender', 'entender', 'understand'),
(89, 'despertar', 'acordar', 'wake'),
(90, 'celebrar', 'celebrar', 'celebrate'),
(91, 'cambiar', 'trocar', 'change'),
(92, 'absorber', 'absorver', 'absorb'),
(93, 'enseñar', 'ensinar', 'teach'),
(94, 'dibujar', 'desenhar', 'draw'),
(95, 'correr', 'correr', 'run'),
(96, 'caminar', 'andar', 'walk'),
(97, 'autorizar', 'autorizar', 'authorize'),
(98, 'alcanzar', 'alcançar', 'reach'),
(99, 'cantar', 'cantar', 'sing'),
(100, 'descansar', 'descansar', 'rest'),
(101, 'colorear', 'colorir', 'to color'),
(102, 'escuchar', 'escutar', 'listen'),
(103, 'nadar', 'nadar', 'swim'),
(104, 'saltar', 'saltar', 'jump'),
(105, 'vender', 'vender', 'sell'),
(106, 'acariciar', 'acariciar', 'caress'),
(107, 'barrer', 'varrer', 'sweep'),
(108, 'explicar', 'explicar', 'explain'),
(109, 'leer', 'ler', 'read'),
(110, 'participar', 'participar', 'to participate'),
(111, 'llamar_por_telefono', 'chamar pelo telefone', 'call by telephone'),
(112, 'extrañar', 'perder', 'miss'),
(113, 'encontrar', 'encontrar', 'find'),
(114, 'continuar', 'continuar', 'continue'),
(115, 'coger', 'pegar', 'take'),
(116, 'avanzar', 'avançar', 'advance'),
(118, 'acomodar', 'acomodar', 'accommodate'),
(119, 'admirar', 'admirar', 'admire'),
(120, 'dar', 'dar', 'give'),
(121, 'jugar', 'jogar', 'play'),
(122, 'oir', 'ouvir', 'hear'),
(123, 'recordar', 'lembrar', 'remember'),
(124, 'vestir', 'vestir', 'wear'),
(125, 'coleccionar', 'coletar', 'collect'),
(126, 'adoptar', 'adotar', 'adopt'),
(127, 'bucear', 'mergulhar', 'dive'),
(128, 'empezar', 'começar', 'start'),
(129, 'comparar', 'comparar', 'compare'),
(131, 'crecer', 'crescer', 'grow'),
(132, 'escribir', 'escrever', 'write'),
(134, 'bromear', 'brincar', 'joke'),
(135, 'confirmar', 'confirmar', 'confirm'),
(136, 'dormir', 'dormir', 'to sleep'),
(137, 'hacer', 'fazer', 'do'),
(138, 'llamar', 'chamar', 'call'),
(139, 'ofrecer', 'ofertar', 'offer'),
(140, 'sentir', 'sentir', 'feel'),
(141, 'ver', 'ver', 'see'),
(142, 'invitar', 'convidar', 'invite'),
(143, 'terminar', 'finalizar', 'end'),
(144, 'limpiar', 'limpar', 'clean'),
(145, 'ayudar', 'ajudar', 'help'),
(146, 'abandonar', 'deixar', 'leave'),
(147, 'bailar', 'dançar', 'dance'),
(148, 'enamorar', 'namorar', 'flirt'),
(149, 'estudiar', 'estudiar', 'study'),
(150, 'obedecer', 'obedecer', 'obey'),
(151, 'Llorar', 'chorar', 'cry'),
(152, 'repetir', 'repetir', 'repeat'),
(153, 'sentarse', 'sentar', 'down'),
(154, 'arreglar', 'fixar', 'fix'),
(155, 'avisar', 'advertir', 'warn'),
(157, 'observar', 'observar', 'observe'),
(158, 'opinar', 'opinar', 'opine'),
(159, 'pelear', 'brigar', 'fight'),
(160, 'pensar', 'pensar', 'think'),
(161, 'preguntar', 'perguntar', 'ask'),
(165, 'reir', 'rir', 'laugh'),
(166, 'respirar', 'respirar', 'breathe'),
(167, 'fresa', 'morango', 'strawberry'),
(168, 'durazno', 'pêssego', 'peach'),
(169, 'aguacate', 'abacate', 'avocado'),
(170, 'naranja', 'laranja', 'orange'),
(171, 'papaya', 'mamão', 'papaya'),
(172, 'tomate', 'tomate', 'tomato'),
(173, 'uva', 'uva', 'grape'),
(174, 'mora', 'amora', 'blackberry'),
(175, 'manzana', 'maçã', 'apple'),
(176, 'piña', 'abacaxi', 'pineapple'),
(177, 'pera', 'pera', 'pear'),
(178, 'limón', 'limão', 'lemon'),
(179, 'guayaba', 'goiaba', 'guava'),
(180, 'banano', 'banana', 'banana'),
(181, 'plátano', 'banana', 'banana'),
(182, 'zanahoria', 'cenoura', 'carrot'),
(183, 'cebolla', 'cebola', 'onion'),
(184, 'ají', 'pimenta', 'chili pepper'),
(185, 'habichuela', 'vagem', 'bean'),
(186, 'yuca', 'mandioca', 'yucca'),
(187, 'mazorca', 'milho', 'cob'),
(188, 'ajo', 'alho', 'garlic'),
(189, 'agua', 'água', 'water'),
(190, 'caldo', 'caldo', 'broth'),
(191, 'comida', 'comida', 'food'),
(192, 'gelatina', 'gelatina', 'jelly'),
(193, 'sal', 'sal', 'salt'),
(194, 'salchicha', 'salsicha', 'sausage'),
(195, 'pan', 'pão', 'breath'),
(196, 'ensalada', 'salada', 'salad'),
(197, 'carne', 'carne', 'meat'),
(198, 'almuerzo', 'almoço', 'luch'),
(199, 'buñuelo', 'rosquinha', 'fritter'),
(200, 'champiñon', 'cogumelo', 'mushroom'),
(201, 'galleta', 'biscoito', 'cookie'),
(202, 'gaseosa', 'refrigerante', 'soda'),
(203, 'queso', 'queijo', 'cheese'),
(204, 'salsa de tomate', 'ketchup', 'ketchup'),
(205, 'espagueti', 'massa', 'spaghetti'),
(206, 'café', 'café', 'coffee'),
(207, 'cerveza', 'cerveja', 'beer'),
(208, 'pizza', 'pizza', 'pizza'),
(209, 'verdura', 'verdura', 'vegetable'),
(210, 'torta', 'bolo', 'cake'),
(211, 'azúcar', 'açúcar', 'sugar'),
(212, 'chocolate', 'chocolate', 'chocolate'),
(213, 'desayuno', 'café da manhã', 'breakfast'),
(214, 'sopa', 'sopa', 'soup'),
(215, 'té', 'chá', 'tea'),
(216, 'mayonesa', 'maionese', 'mayonnaise'),
(217, 'lunes', 'segunda-feira', 'monday'),
(218, 'martes', 'terça-feira', 'tuesday'),
(219, 'miércoles', 'quarta-feira', 'wednesday'),
(220, 'jueves', 'quinta-feira', 'thursday'),
(221, 'viernes', 'sexta-feira', 'friday'),
(222, 'sábado', 'sábado', 'saturday'),
(223, 'domingo', 'domingo', 'sunday'),
(224, 'enero', 'janeiro', 'january'),
(225, 'febrero', 'febereiro', 'february'),
(226, 'marzo', 'março', 'march'),
(227, 'abril', 'abril', 'april'),
(228, 'mayo', 'maio', 'may'),
(229, 'junio', 'junho', 'june'),
(230, 'julio', 'julho', 'july'),
(231, 'agosto', 'agosto', 'august'),
(232, 'septiembre', 'setembro', 'september'),
(233, 'octubre', 'outubro', 'october'),
(234, 'noviembre', 'novembro', 'november'),
(235, 'diciembre', 'dezembro', 'december'),
(236, 'amarillo', 'amarelo', 'yellow'),
(237, 'azul', 'azul', 'blue'),
(238, 'rojo', 'vermelho', 'red'),
(239, 'verde', 'verde', 'green'),
(240, 'negro', 'preto', 'black'),
(241, 'gris', 'cinza', 'gray'),
(242, 'blanco', 'branco', 'white'),
(243, 'alcaldía', 'prefeitura', 'town hall'),
(244, 'biblioteca', 'biblioteca', 'library'),
(245, 'hotel', 'hotel', 'hotel'),
(246, 'universidad', 'universidade', 'university'),
(247, 'restaurante', 'restaurante', 'restaurant'),
(248, 'hospital', 'hospital', 'hospital'),
(249, 'bodega', 'adega', 'cellar'),
(250, 'tienda', 'loja', 'store'),
(251, 'gimnasio', 'academía', 'gym'),
(252, 'oficina', 'escritório', 'office'),
(253, 'iglesia', 'igreja', 'church'),
(254, 'garage', 'garagem', 'garage'),
(255, 'apartamento', 'apartamento', 'apartament'),
(256, 'parque', 'parque', 'park'),
(257, 'peluquería', 'cabeleireiro', 'barber shop'),
(258, 'supermercado', 'supermercado', 'supermarket'),
(259, 'playa', 'praia', 'beach'),
(260, 'discoteca', 'discoteca', 'disco'),
(261, 'abrigo', 'casaco', 'coat'),
(262, 'calzoncillos', 'cuecas', 'underpants'),
(263, 'correa', 'cinta', 'belt'),
(264, 'calzones', 'cuecas', 'breeches'),
(265, 'camisa', 'camisa', 'shirt'),
(266, 'sombrero', 'chapéu', 'hat'),
(267, 'pantalon', 'calças', 'pants'),
(268, 'blusa', 'blusa', 'blouse'),
(269, 'chaqueta', 'jaqueta', 'jacket'),
(270, 'vestido', 'vestido', 'dress'),
(271, 'guantes', 'luvas', 'gloves'),
(272, 'corbata', 'laço', 'tie'),
(273, 'botiquin', 'estojo', 'kit'),
(274, 'abanico', 'ventilador', 'fan'),
(275, 'botella', 'garrafa', 'bottle'),
(276, 'gafas', 'óculos', 'glasses'),
(277, 'plancha', 'ferro', 'griddle'),
(278, 'vaso', 'copo', 'cup'),
(279, 'cadena', 'cadeia', 'chain'),
(280, 'jaula', 'gaiola', 'cage'),
(281, 'labial', 'labial', 'lip'),
(283, 'carro', 'carro', 'car'),
(284, 'boleta', 'bilhete', 'ticket'),
(285, 'caja', 'caixa', 'box'),
(286, 'cremallera', 'zíper', 'zipper'),
(287, 'jeringa', 'seringa', 'syringe'),
(288, 'telescopio', 'telescópio', 'telescope'),
(290, 'llave', 'chave', 'key'),
(291, 'embudo', 'funil', 'funnel'),
(292, 'camara', 'câmera', 'camera'),
(294, 'brújula', 'bússola', 'compass'),
(295, 'lana', 'lã', 'wool'),
(296, 'perfume', 'perfume', 'fragrance'),
(297, 'termómetro', 'termômetro', 'thermometer'),
(298, 'medalla', 'medalha', 'medal'),
(299, 'cepillo de dientes', 'escova de dentes', 'toothbrush'),
(300, 'candado', 'cadeado', 'padlock'),
(301, 'espejo', 'espelho', 'mirror'),
(302, 'tesoro', 'tesouro', 'treasure'),
(303, 'toalla', 'toalha', 'towel'),
(304, 'muñeco', 'boneca', 'doll'),
(305, 'pincel', 'escoba', 'brush'),
(307, 'casa', 'casa', 'home'),
(308, 'carta', 'carta', 'letter'),
(309, 'billetera', 'carteira', 'wallet'),
(310, 'bandera', 'bandeira', 'flag'),
(311, 'campana', 'sino', 'bell'),
(312, 'pelota', 'bola', 'ball'),
(313, 'péndulo', 'pêndulo', 'pendulum'),
(314, 'canasta', 'canasta', 'basket'),
(315, 'billete', 'bilhete', 'ticket'),
(316, 'avión', 'avião', 'airplane'),
(317, 'mamá', 'mamãe', 'mom'),
(318, 'papá', 'pai', 'dad'),
(319, 'hermano', 'irmão', 'brother'),
(320, 'hermana', 'irmã', 'sister'),
(321, 'abuelo', 'avô', 'grandfather'),
(322, 'abuela', 'avó', 'grandmother'),
(323, 'tío', 'tio', 'uncle'),
(324, 'tía', 'tia', 'aunt'),
(325, 'nieto', 'neto', 'grandson'),
(326, 'nieta', 'neta', 'granddaughter'),
(327, 'primo', 'primo', 'cousin'),
(328, 'prima', 'prima', 'cousin'),
(329, 'sobrino', 'sobrinho', 'nephnew'),
(330, 'sobrina', 'sobinha', 'niece'),
(331, 'esposo', 'marido', 'husband'),
(332, 'esposa', 'esposa', 'wife'),
(333, 'hijo', 'filho', 'son'),
(334, 'diseñador', 'desenhista', 'designer'),
(335, 'médico', 'médico', 'doctor'),
(336, 'ortodoncista', 'ortodontista', 'orthodontist'),
(337, 'ginecólogo', 'ginecologista', 'ginecologist'),
(338, 'chef', 'chefe', 'chef'),
(339, 'obispo', 'bispo', 'bishop'),
(340, 'jardinero', 'jardineiro', 'gardener'),
(341, 'panadero', 'padeiro', 'baker'),
(342, 'secretaria', 'secretária', 'secretary'),
(343, 'vendedor', 'vendedor', 'seller'),
(344, 'traductor', 'tradutor', 'translator'),
(345, 'presidente', 'presidente', 'president'),
(346, 'oftalmólogo', 'oftalmologista', 'ophthalmologist'),
(347, 'ingeniero', 'engenheiro', 'enginner'),
(348, 'astronauta', 'astronauta', 'astronaut'),
(349, 'alcalde', 'prefeito', 'mayor'),
(350, 'director', 'diretor', 'director'),
(352, 'ministro', 'ministro', 'minister'),
(353, 'barbero', 'barbeiro', 'barber'),
(354, 'auditor', 'auditor', 'auditor'),
(355, 'científico', 'cientista', 'scientific'),
(356, 'profesor', 'professor', 'teacher'),
(357, 'sacerdote', 'padre', 'priest'),
(358, 'poeta', 'poeta', 'poet'),
(359, 'gripe', 'gripe', 'flu'),
(360, 'asfixia', 'asfixia', 'suffocation'),
(361, 'malaria', 'malária', 'malaria'),
(362, 'SIDA', 'SIDA', 'AIDS'),
(363, 'diarrea', 'diarréia', 'diarrhea'),
(364, 'dolor', 'dor', 'pain'),
(365, 'lepra', 'lepra', 'leprosy'),
(366, 'acné', 'acne', 'acne'),
(367, 'cancer', 'câncer', 'cancer'),
(368, 'asma', 'asma', 'asthma'),
(369, 'tos', 'tosse', 'cough'),
(370, 'trombósis', 'trombose', 'thrombosis'),
(371, 'miopia', 'miopia', 'myopia'),
(372, 'amable', 'amigável', 'friendly'),
(373, 'paciente', 'paciente', 'patient'),
(374, 'respetuoso', 'respeitoso', 'respectful'),
(375, 'responsable', 'responsável', 'responsable'),
(376, 'leal', 'leal', 'loyal'),
(377, 'simpático', 'amigável', 'nice'),
(378, 'autónomo', 'autônomo', 'autonomous'),
(379, 'dónde?', 'onde?', 'where?'),
(380, 'dónde queda?', 'onde fica?', 'Where is it?'),
(381, 'dónde vives?', 'onde você mora?', 'where you live?'),
(382, 'cómo?', 'como?', 'how?'),
(383, 'cómo está?', 'como está?', 'How are you?'),
(384, 'cuánto?', 'quanto?', 'how much?'),
(385, 'cuándo?', 'quando?', 'when?'),
(386, 'por qué?', 'por quê?', 'why?'),
(387, 'qué?', 'o quê?', 'what?'),
(388, 'qué es eso?', 'o que é isso?', 'what is that?'),
(389, 'qué pasó?', 'O que aconteceu?', 'what happened?'),
(390, 'quién?', 'quem?', 'who?'),
(391, 'nariz', 'nariz', 'nose'),
(392, 'pelo', 'cabelo', 'hair'),
(393, 'senos', 'seios', 'bosom'),
(394, 'pestañas', 'cílios', 'eyelashes'),
(395, 'ojos', 'olhos', 'eyes'),
(396, 'encéfalo', 'cérebro', 'brain'),
(397, 'tórax', 'tórax', 'thorax'),
(398, 'faringe', 'faringe', 'pharynx'),
(399, 'ovario', 'ovário', 'ovary'),
(400, 'brazo', 'braço', 'arm'),
(401, 'dentadura', 'dentes', 'teeth'),
(402, 'boca', 'boca', 'mouth'),
(403, 'espalda', 'costas', 'back'),
(404, 'oreja', 'orelha', 'ear'),
(405, 'pies', 'pés', 'feet'),
(406, 'testículos', 'testículos', 'testicles'),
(407, 'corazón', 'coração', 'heart'),
(408, 'cabello', 'cabelo', 'hair'),
(409, 'glándulas', 'glândulas', 'glands'),
(410, 'amígdala', 'amígdala', 'amygdala'),
(411, 'pene', 'pênis', 'penis'),
(412, 'hígado', 'figado', 'liver'),
(413, 'papilas', 'papilas', 'papillae'),
(414, 'retina', 'retina', 'retina'),
(415, 'útero', 'utero', 'uterus'),
(416, 'párpado', 'pálpebra', 'eyelid'),
(417, 'ceja', 'sombrancelha', 'eyebrow'),
(418, 'dedos', 'dedos', 'fingers'),
(419, 'cara', 'face', 'face'),
(420, 'bazo', 'baço', 'spleen'),
(421, 'hombro', 'ombro', 'shoulder'),
(422, 'óvulos', 'óvulos', 'ova'),
(423, 'pulmones', 'pulmões', 'lungs'),
(424, 'vagina', 'vagina', 'vagina'),
(425, 'estómago', 'estômago', 'stomach'),
(426, 'cuello', 'pescoço', 'neck'),
(427, 'cabeza', 'cabeça', 'head'),
(428, 'pierna', 'perna', 'leg'),
(429, 'mano', 'mão', 'hand'),
(430, 'riñones', 'rins', 'kidneys'),
(431, 'cerebro', 'cérebro', 'brain'),
(432, 'columna', 'coluna', 'column'),
(433, 'oido', 'ouvido', 'ear'),
(434, 'artrópodos', 'artrópodes', 'arthropods'),
(435, 'moluscos', 'moluscos', 'molluscs'),
(436, 'equinodermos', 'equinodermes', 'echinoderms'),
(437, 'gusanos', 'vermes', 'worms'),
(438, 'celenteros', 'coelenterata', 'coelenterata'),
(439, 'clorofila', 'clorofila', 'chlorophyll'),
(440, 'nutrientes', 'nutrientes', 'nutrients'),
(441, 'oxígeno', 'oxigênio', 'oxygen'),
(444, 'ecosistema', 'ecossistema', 'ecosystem'),
(445, 'metamorfósis', 'metamorfose', 'metamorphosis'),
(446, 'anélidos', 'anelídeos', 'annelids'),
(447, 'anfibios', 'anfíbios', 'amphibians'),
(448, 'invertebrados', 'invertebrados', 'invertebrates'),
(449, 'omnívoros', 'onívoro', 'omnivorous'),
(450, 'ovíparos', 'ovíparo', 'oviparous'),
(451, 'vivíparos', 'vivíparo', 'viviparous'),
(452, 'reptiles', 'répteis', 'reptiles'),
(453, 'mamíferos', 'mamíferos', 'mammals'),
(454, 'angiospermas', 'angiospermas', 'angiosperms'),
(455, 'árbol', 'árvore', 'tree'),
(456, 'átomo', 'átomo', 'atom'),
(457, 'célula', 'célula', 'cell'),
(458, 'embrión', 'embrião', 'embryo'),
(459, 'genotipo', 'genótipo', 'genotype'),
(460, 'neutrón', 'nêutron', 'neutron'),
(461, 'núcleo', 'núcleo', 'core'),
(462, 'ovulación', 'ovulação', 'ovulation'),
(463, 'protón', 'próton', 'proton'),
(464, 'molécula', 'molécula', 'molecule'),
(465, 'conejo', 'coelho', 'rabbit'),
(466, 'gato', 'gato', 'cat'),
(467, 'perro', 'cachorro', 'dog'),
(468, 'ballena', 'baleia', 'whale'),
(469, 'cocodrilo', 'crocodilo', 'crocodile'),
(470, 'elefante', 'elefante', 'elephant'),
(471, 'gorila', 'gorila', 'gorilla'),
(472, 'oso', 'urso', 'bear'),
(473, 'hiena', 'hiena', 'hyena'),
(474, 'jaguar', 'jaguar', 'jaguar'),
(475, 'leopardo', 'leopardo', 'leopard'),
(476, 'lobo', 'lobo', 'wolf'),
(477, 'puma', 'puma', 'cougar'),
(478, 'rinoceronte', 'rinoceronte', 'rhino'),
(479, 'tiburon', 'tubarão', 'shark'),
(480, 'tigre', 'tigre', 'tiger'),
(481, 'araña', 'aranha', 'spider'),
(482, 'grillo', 'grilo', 'cricket'),
(483, 'gusano', 'verme', 'worm'),
(484, 'venado', 'cervo', 'deer'),
(485, 'vaca', 'vaca', 'cow'),
(486, 'tortuga', 'tartaruga', 'tortoise'),
(487, 'sapo', 'sapo', 'toad'),
(488, 'toro', 'touro', 'bull'),
(489, 'ratón', 'rato', 'mouse'),
(490, 'pulpo', 'polvo', 'octopus'),
(491, 'pollo', 'frango', 'chicken'),
(492, 'pajaro', 'pássaro', 'bird'),
(493, 'pato', 'pato', 'duck'),
(494, 'gallo', 'galo', 'rooster'),
(495, 'gallina', 'galinha', 'chicken'),
(496, 'caballo', 'cavalo', 'horse'),
(497, 'cerdo', 'porco', 'pig'),
(498, 'caracol', 'caracol', 'snail'),
(499, 'canguro', 'canguru', 'kangaroo'),
(500, 'cangrejo', 'caranguejo', 'crab'),
(501, 'camello', 'camelo', 'camel'),
(502, 'cabra', 'cabra', 'goat'),
(503, 'burro', 'burro', 'donkey');

-- --------------------------------------------------------

--
-- Estructura de tabla para la tabla `itembyactivity`
--

CREATE TABLE IF NOT EXISTS `itembyactivity` (
  `iditembyactivity` int(255) NOT NULL,
  `item` int(255) NOT NULL,
  `activity` int(255) NOT NULL,
  PRIMARY KEY (`iditembyactivity`),
  KEY `activityForeignKeyitemByActivity` (`activity`),
  KEY `itemForeignKeyitemByActivity` (`item`)
) ENGINE=InnoDB DEFAULT CHARSET=latin1;

--
-- Volcado de datos para la tabla `itembyactivity`
--

INSERT INTO `itembyactivity` (`iditembyactivity`, `item`, `activity`) VALUES
(1, 1, 1),
(2, 2, 1),
(3, 3, 1),
(4, 4, 1),
(5, 5, 1),
(6, 6, 1),
(7, 7, 1),
(8, 8, 1),
(9, 9, 1),
(10, 10, 1),
(11, 11, 1),
(12, 12, 1),
(13, 13, 1),
(14, 14, 1),
(15, 15, 1),
(16, 16, 1),
(17, 17, 1),
(18, 18, 1),
(19, 19, 1),
(20, 20, 1),
(21, 21, 1),
(22, 22, 1),
(23, 23, 1),
(24, 24, 1),
(25, 25, 1),
(26, 26, 1),
(27, 1, 2),
(28, 5, 2),
(29, 9, 2),
(30, 15, 2),
(31, 21, 2),
(32, 2, 3),
(33, 3, 3),
(34, 4, 3),
(35, 6, 3),
(37, 7, 3),
(38, 8, 3),
(39, 10, 3),
(40, 11, 3),
(41, 12, 3),
(42, 13, 3),
(43, 14, 3),
(44, 16, 3),
(45, 17, 3),
(46, 18, 3),
(47, 19, 3),
(48, 20, 3),
(49, 22, 3),
(50, 23, 3),
(51, 24, 3),
(52, 25, 3),
(53, 26, 3),
(54, 28, 4),
(55, 29, 4),
(56, 30, 4),
(57, 31, 4),
(58, 32, 4),
(59, 33, 4),
(60, 34, 4),
(61, 35, 4),
(62, 36, 4),
(63, 37, 4),
(64, 38, 4),
(65, 39, 4),
(66, 40, 4),
(67, 41, 4),
(68, 42, 4),
(69, 43, 4),
(70, 44, 4),
(71, 45, 4),
(72, 46, 4),
(73, 47, 4),
(74, 48, 4),
(75, 49, 4),
(76, 50, 4),
(77, 51, 4),
(78, 52, 4),
(79, 53, 4),
(80, 54, 4),
(81, 55, 4),
(82, 56, 4),
(83, 57, 4),
(84, 58, 4),
(85, 59, 4),
(86, 60, 4),
(87, 61, 4),
(88, 62, 4),
(89, 63, 4),
(90, 64, 4),
(91, 65, 4),
(92, 66, 4),
(93, 67, 4),
(94, 68, 4),
(95, 69, 4),
(97, 71, 5),
(98, 72, 5),
(99, 73, 5),
(100, 74, 5),
(101, 75, 5),
(102, 76, 5),
(103, 77, 5),
(104, 78, 5),
(105, 79, 5),
(106, 80, 5),
(107, 81, 5),
(108, 82, 5),
(109, 83, 5),
(110, 84, 5),
(111, 85, 5),
(112, 86, 5),
(113, 87, 5),
(114, 88, 5),
(115, 89, 5),
(116, 90, 5),
(117, 91, 5),
(118, 92, 5),
(119, 93, 5),
(120, 94, 5),
(121, 95, 5),
(122, 96, 5),
(123, 97, 5),
(124, 98, 5),
(125, 99, 5),
(126, 100, 5),
(127, 101, 5),
(128, 102, 5),
(129, 103, 5),
(130, 104, 5),
(131, 105, 5),
(132, 106, 5),
(133, 107, 5),
(134, 108, 5),
(135, 109, 5),
(136, 110, 5),
(137, 111, 5),
(138, 112, 5),
(139, 113, 5),
(140, 114, 5),
(141, 115, 5),
(142, 116, 5),
(143, 118, 5),
(144, 119, 5),
(145, 120, 5),
(146, 121, 5),
(147, 122, 6),
(148, 123, 6),
(149, 124, 6),
(150, 125, 6),
(151, 126, 6),
(152, 127, 6),
(153, 128, 6),
(154, 129, 6),
(155, 131, 6),
(156, 132, 6),
(157, 134, 6),
(158, 135, 6),
(159, 136, 6),
(160, 137, 6),
(161, 138, 6),
(162, 139, 6),
(163, 140, 6),
(164, 141, 6),
(165, 142, 6),
(166, 143, 6),
(167, 144, 6),
(168, 145, 6),
(169, 146, 6),
(170, 147, 6),
(171, 148, 6),
(172, 149, 6),
(173, 150, 6),
(174, 151, 6),
(175, 152, 6),
(176, 153, 6),
(177, 154, 6),
(178, 155, 6),
(179, 157, 6),
(180, 158, 6),
(181, 159, 6),
(182, 160, 6),
(183, 161, 6),
(184, 165, 6),
(185, 166, 6),
(186, 167, 8),
(187, 168, 8),
(188, 169, 8),
(190, 170, 8),
(191, 171, 8),
(192, 172, 8),
(193, 173, 8),
(194, 174, 8),
(195, 175, 8),
(196, 176, 8),
(197, 177, 8),
(198, 178, 8),
(199, 179, 8),
(200, 180, 8),
(201, 181, 9),
(202, 182, 9),
(203, 183, 9),
(204, 184, 9),
(205, 185, 9),
(206, 186, 9),
(207, 187, 9),
(208, 188, 9),
(209, 189, 7),
(211, 191, 7),
(212, 192, 7),
(213, 193, 7),
(215, 195, 7),
(216, 196, 7),
(217, 197, 7),
(218, 198, 7),
(219, 199, 7),
(220, 200, 7),
(221, 201, 7),
(222, 202, 7),
(223, 203, 7),
(224, 204, 7),
(225, 205, 7),
(226, 206, 7),
(227, 207, 7),
(228, 208, 7),
(229, 209, 7),
(230, 210, 7),
(231, 211, 7),
(232, 212, 7),
(233, 213, 7),
(234, 214, 7),
(235, 215, 7),
(236, 216, 7),
(237, 217, 10),
(238, 218, 10),
(239, 219, 10),
(240, 220, 10),
(241, 221, 10),
(242, 222, 10),
(243, 223, 10),
(244, 224, 11),
(245, 225, 11),
(246, 226, 11),
(247, 227, 11),
(248, 228, 11),
(249, 229, 11),
(250, 230, 11),
(251, 231, 11),
(252, 232, 11),
(253, 233, 11),
(254, 234, 11),
(255, 235, 11),
(256, 236, 12),
(257, 237, 12),
(258, 238, 12),
(259, 239, 12),
(260, 240, 12),
(261, 241, 12),
(262, 242, 12),
(263, 243, 13),
(264, 244, 13),
(265, 245, 13),
(266, 246, 13),
(267, 247, 13),
(268, 248, 13),
(269, 249, 13),
(270, 250, 13),
(271, 251, 13),
(272, 252, 13),
(273, 253, 13),
(274, 254, 13),
(275, 255, 13),
(276, 256, 13),
(277, 257, 13),
(278, 258, 13),
(279, 259, 13),
(280, 260, 13),
(281, 261, 14),
(282, 262, 14),
(283, 263, 14),
(284, 264, 14),
(285, 265, 14),
(286, 266, 14),
(287, 267, 14),
(288, 268, 14),
(289, 269, 14),
(290, 270, 14),
(291, 271, 14),
(292, 272, 14),
(293, 273, 15),
(294, 274, 15),
(295, 275, 15),
(296, 276, 15),
(297, 277, 15),
(298, 278, 15),
(299, 279, 15),
(300, 280, 15),
(301, 281, 15),
(302, 283, 15),
(303, 284, 15),
(304, 285, 15),
(305, 286, 15),
(306, 287, 15),
(307, 288, 15),
(308, 290, 15),
(309, 291, 15),
(310, 292, 15),
(311, 294, 15),
(312, 295, 15),
(313, 296, 15),
(314, 297, 15),
(315, 298, 15),
(316, 299, 15),
(317, 300, 15),
(318, 301, 15),
(319, 302, 15),
(320, 303, 15),
(321, 304, 15),
(322, 305, 15),
(323, 307, 15),
(324, 308, 15),
(325, 309, 15),
(326, 310, 15),
(327, 311, 15),
(328, 312, 15),
(329, 313, 15),
(330, 314, 15),
(331, 315, 15),
(332, 316, 15),
(333, 317, 16),
(334, 318, 16),
(335, 319, 16),
(336, 320, 16),
(337, 321, 16),
(338, 322, 16),
(339, 323, 16),
(340, 324, 16),
(341, 325, 16),
(342, 326, 16),
(343, 327, 16),
(344, 328, 16),
(345, 329, 16),
(346, 330, 16),
(347, 331, 16),
(348, 332, 16),
(349, 333, 16),
(350, 334, 17),
(351, 335, 17),
(352, 336, 17),
(353, 337, 17),
(354, 338, 17),
(355, 339, 17),
(356, 340, 17),
(357, 341, 17),
(358, 342, 17),
(359, 343, 17),
(360, 344, 17),
(361, 345, 17),
(362, 346, 17),
(363, 347, 17),
(364, 348, 17),
(365, 349, 17),
(366, 350, 17),
(368, 352, 17),
(369, 353, 17),
(370, 354, 17),
(371, 355, 17),
(372, 356, 17),
(373, 357, 17),
(374, 358, 17),
(375, 359, 18),
(376, 360, 18),
(377, 361, 18),
(378, 362, 18),
(379, 363, 18),
(380, 364, 18),
(381, 365, 18),
(382, 366, 18),
(383, 367, 18),
(384, 368, 18),
(385, 369, 18),
(386, 370, 18),
(387, 371, 18),
(388, 372, 19),
(389, 373, 19),
(390, 374, 19),
(391, 375, 19),
(392, 376, 19),
(393, 377, 19),
(394, 378, 19),
(395, 379, 20),
(396, 380, 20),
(397, 381, 20),
(398, 382, 20),
(399, 383, 20),
(400, 384, 20),
(401, 385, 20),
(402, 386, 20),
(403, 387, 20),
(404, 388, 20),
(405, 389, 20),
(406, 390, 20),
(407, 391, 21),
(408, 392, 21),
(409, 393, 21),
(410, 394, 21),
(411, 395, 21),
(412, 396, 21),
(413, 397, 21),
(414, 398, 21),
(415, 399, 21),
(416, 400, 21),
(417, 401, 21),
(418, 402, 21),
(419, 403, 21),
(420, 404, 21),
(421, 405, 21),
(422, 406, 21),
(423, 407, 21),
(424, 408, 21),
(425, 409, 21),
(426, 410, 21),
(427, 411, 21),
(428, 412, 21),
(429, 413, 21),
(430, 414, 21),
(431, 415, 21),
(432, 416, 21),
(433, 417, 21),
(434, 418, 21),
(435, 419, 21),
(436, 420, 21),
(437, 421, 21),
(438, 422, 21),
(439, 423, 21),
(440, 424, 21),
(441, 425, 21),
(442, 426, 21),
(443, 427, 21),
(444, 428, 21),
(445, 429, 21),
(446, 430, 21),
(447, 431, 21),
(448, 432, 21),
(449, 433, 21),
(450, 434, 22),
(451, 435, 22),
(452, 436, 22),
(453, 437, 22),
(454, 438, 22),
(455, 439, 23),
(456, 440, 23),
(457, 441, 23),
(460, 444, 23),
(461, 445, 23),
(462, 446, 23),
(463, 447, 23),
(464, 448, 23),
(465, 449, 23),
(466, 450, 23),
(467, 451, 23),
(468, 452, 23),
(469, 453, 23),
(470, 454, 23),
(471, 455, 23),
(472, 456, 23),
(473, 457, 23),
(474, 458, 23),
(475, 459, 23),
(476, 460, 23),
(477, 461, 23),
(478, 462, 23),
(479, 463, 23),
(480, 464, 23),
(481, 465, 24),
(482, 466, 24),
(483, 467, 24),
(484, 468, 24),
(485, 469, 24),
(486, 470, 24),
(487, 471, 24),
(488, 472, 24),
(489, 473, 24),
(490, 474, 24),
(491, 475, 24),
(492, 476, 24),
(493, 477, 24),
(494, 478, 24),
(495, 479, 24),
(496, 480, 24),
(497, 481, 24),
(498, 482, 24),
(499, 483, 24),
(500, 484, 24),
(501, 485, 24),
(502, 486, 24),
(503, 487, 24),
(504, 488, 24),
(505, 489, 24),
(506, 490, 24),
(507, 491, 24),
(508, 492, 24),
(509, 493, 24),
(510, 494, 24),
(511, 495, 24),
(512, 496, 24),
(513, 497, 24),
(514, 498, 24),
(515, 499, 24),
(516, 500, 24),
(517, 501, 24),
(518, 502, 24),
(519, 503, 24);

-- --------------------------------------------------------

--
-- Estructura de tabla para la tabla `itemperformeduser`
--

CREATE TABLE IF NOT EXISTS `itemperformeduser` (
  `iditemperformeduser` int(255) NOT NULL AUTO_INCREMENT,
  `iduser` int(255) NOT NULL,
  `iditembyactivity` int(11) NOT NULL,
  `realizado` int(2) NOT NULL DEFAULT '0',
  PRIMARY KEY (`iditemperformeduser`),
  KEY `iduserForeignKeyitemPerformedUser` (`iduser`),
  KEY `idItemForeignKeyitemPerformedUser` (`iditembyactivity`)
) ENGINE=InnoDB  DEFAULT CHARSET=latin1 AUTO_INCREMENT=5160 ;

--
-- Volcado de datos para la tabla `itemperformeduser`
--

INSERT INTO `itemperformeduser` (`iditemperformeduser`, `iduser`, `iditembyactivity`, `realizado`) VALUES
(1, 1, 1, 0),
(2, 1, 2, 0),
(3, 1, 3, 0),
(4, 1, 4, 0),
(5, 1, 5, 0),
(6, 1, 6, 0),
(7, 1, 7, 0),
(8, 1, 8, 0),
(9, 1, 9, 0),
(10, 1, 10, 0),
(11, 1, 11, 0),
(12, 1, 12, 0),
(13, 1, 13, 0),
(14, 1, 14, 0),
(15, 1, 15, 0),
(16, 1, 16, 0),
(17, 1, 17, 0),
(18, 1, 18, 0),
(19, 1, 19, 0),
(20, 1, 20, 0),
(21, 1, 21, 0),
(22, 1, 22, 0),
(23, 1, 23, 0),
(24, 1, 24, 0),
(25, 1, 25, 0),
(26, 1, 26, 0),
(27, 1, 27, 1),
(28, 1, 28, 1),
(29, 1, 29, 1),
(30, 1, 30, 1),
(31, 1, 31, 1),
(32, 1, 32, 0),
(33, 1, 33, 0),
(34, 1, 34, 0),
(35, 1, 35, 0),
(37, 1, 37, 0),
(38, 1, 38, 0),
(39, 1, 39, 0),
(40, 1, 40, 0),
(41, 1, 41, 0),
(42, 1, 42, 0),
(43, 1, 43, 0),
(44, 1, 44, 0),
(45, 1, 45, 0),
(46, 1, 46, 0),
(47, 1, 47, 0),
(48, 1, 48, 0),
(49, 1, 49, 0),
(50, 1, 50, 0),
(51, 1, 51, 0),
(52, 1, 52, 0),
(53, 1, 53, 0),
(54, 1, 54, 0),
(55, 1, 55, 0),
(56, 1, 56, 0),
(57, 1, 57, 0),
(58, 1, 58, 0),
(59, 1, 59, 0),
(60, 1, 60, 0),
(61, 1, 61, 0),
(62, 1, 62, 0),
(63, 1, 63, 0),
(64, 1, 64, 0),
(65, 1, 65, 0),
(66, 1, 66, 0),
(67, 1, 67, 0),
(68, 1, 68, 0),
(69, 1, 69, 0),
(70, 1, 70, 0),
(71, 1, 71, 0),
(72, 1, 72, 0),
(73, 1, 73, 0),
(74, 1, 74, 0),
(75, 1, 75, 0),
(76, 1, 76, 0),
(77, 1, 77, 0),
(78, 1, 78, 0),
(79, 1, 79, 0),
(80, 1, 80, 0),
(81, 1, 81, 0),
(82, 1, 82, 0),
(83, 1, 83, 0),
(84, 1, 84, 0),
(85, 1, 85, 0),
(86, 1, 86, 0),
(87, 1, 87, 0),
(88, 1, 88, 0),
(89, 1, 89, 0),
(90, 1, 90, 0),
(91, 1, 91, 0),
(92, 1, 92, 0),
(93, 1, 93, 0),
(94, 1, 94, 0),
(95, 1, 95, 0),
(136, 1, 97, 0),
(137, 1, 98, 0),
(138, 1, 99, 0),
(139, 1, 100, 0),
(140, 1, 101, 0),
(141, 1, 102, 0),
(142, 1, 103, 0),
(143, 1, 104, 0),
(144, 1, 105, 0),
(145, 1, 106, 0),
(146, 1, 107, 0),
(147, 1, 108, 0),
(148, 1, 109, 0),
(149, 1, 110, 0),
(150, 1, 111, 0),
(151, 1, 112, 0),
(152, 1, 113, 0),
(153, 1, 114, 0),
(154, 1, 115, 0),
(155, 1, 116, 0),
(156, 1, 117, 0),
(157, 1, 118, 0),
(158, 1, 119, 0),
(159, 1, 120, 0),
(160, 1, 121, 0),
(161, 1, 122, 0),
(162, 1, 123, 0),
(163, 1, 124, 0),
(164, 1, 125, 0),
(165, 1, 126, 0),
(166, 1, 127, 0),
(167, 1, 128, 0),
(168, 1, 129, 0),
(169, 1, 130, 0),
(170, 1, 131, 0),
(171, 1, 132, 0),
(172, 1, 133, 0),
(173, 1, 134, 0),
(174, 1, 135, 0),
(175, 1, 136, 0),
(176, 1, 137, 0),
(177, 1, 138, 0),
(178, 1, 139, 0),
(179, 1, 140, 0),
(180, 1, 141, 0),
(181, 1, 142, 0),
(182, 1, 143, 0),
(183, 1, 144, 0),
(184, 1, 145, 0),
(185, 1, 146, 0),
(186, 1, 147, 0),
(187, 1, 148, 0),
(188, 1, 149, 0),
(189, 1, 150, 0),
(190, 1, 151, 0),
(191, 1, 152, 0),
(192, 1, 153, 0),
(193, 1, 154, 0),
(194, 1, 155, 0),
(195, 1, 156, 0),
(196, 1, 157, 0),
(197, 1, 158, 0),
(198, 1, 159, 0),
(199, 1, 160, 0),
(200, 1, 161, 0),
(201, 1, 162, 0),
(202, 1, 163, 0),
(203, 1, 164, 0),
(204, 1, 165, 0),
(205, 1, 166, 0),
(206, 1, 167, 0),
(207, 1, 168, 0),
(208, 1, 169, 0),
(209, 1, 170, 0),
(210, 1, 171, 0),
(211, 1, 172, 0),
(212, 1, 173, 0),
(213, 1, 174, 0),
(214, 1, 175, 0),
(215, 1, 176, 0),
(216, 1, 177, 0),
(217, 1, 178, 0),
(218, 1, 179, 0),
(219, 1, 180, 0),
(220, 1, 181, 0),
(221, 1, 182, 0),
(222, 1, 183, 0),
(223, 1, 184, 0),
(224, 1, 185, 0),
(225, 1, 186, 0),
(226, 1, 187, 0),
(227, 1, 188, 0),
(229, 1, 190, 0),
(230, 1, 191, 0),
(231, 1, 192, 0),
(232, 1, 193, 0),
(233, 1, 194, 0),
(234, 1, 195, 0),
(235, 1, 196, 0),
(236, 1, 197, 0),
(237, 1, 198, 0),
(238, 1, 199, 0),
(239, 1, 200, 0),
(240, 1, 201, 0),
(241, 1, 202, 0),
(242, 1, 203, 0),
(243, 1, 204, 0),
(244, 1, 205, 0),
(245, 1, 206, 0),
(246, 1, 207, 0),
(247, 1, 208, 0),
(248, 1, 209, 0),
(250, 1, 211, 0),
(251, 1, 212, 0),
(252, 1, 213, 0),
(254, 1, 215, 0),
(255, 1, 216, 0),
(256, 1, 217, 0),
(257, 1, 218, 0),
(258, 1, 219, 0),
(259, 1, 220, 0),
(260, 1, 221, 0),
(261, 1, 222, 0),
(262, 1, 223, 0),
(263, 1, 224, 0),
(264, 1, 225, 0),
(265, 1, 226, 0),
(266, 1, 227, 0),
(267, 1, 228, 0),
(268, 1, 229, 0),
(269, 1, 230, 0),
(270, 1, 231, 0),
(271, 1, 232, 0),
(272, 1, 233, 0),
(273, 1, 234, 0),
(274, 1, 235, 0),
(275, 1, 236, 0),
(276, 1, 237, 0),
(277, 1, 238, 0),
(278, 1, 239, 0),
(279, 1, 240, 0),
(280, 1, 241, 0),
(281, 1, 242, 0),
(282, 1, 243, 0),
(283, 1, 244, 0),
(284, 1, 245, 0),
(285, 1, 246, 0),
(286, 1, 247, 0),
(287, 1, 248, 0),
(288, 1, 249, 0),
(289, 1, 250, 0),
(290, 1, 251, 0),
(291, 1, 252, 0),
(292, 1, 253, 0),
(293, 1, 254, 0),
(294, 1, 255, 0),
(295, 1, 256, 0),
(296, 1, 257, 0),
(297, 1, 258, 0),
(298, 1, 259, 0),
(299, 1, 260, 0),
(300, 1, 261, 0),
(301, 1, 262, 0),
(302, 1, 263, 0),
(303, 1, 264, 0),
(304, 1, 265, 0),
(305, 1, 266, 0),
(306, 1, 267, 0),
(307, 1, 268, 0),
(308, 1, 269, 0),
(309, 1, 270, 0),
(310, 1, 271, 0),
(311, 1, 272, 0),
(312, 1, 273, 0),
(313, 1, 274, 0),
(314, 1, 275, 0),
(315, 1, 276, 0),
(316, 1, 277, 0),
(317, 1, 278, 0),
(318, 1, 279, 0),
(319, 1, 280, 0),
(320, 1, 281, 0),
(321, 1, 282, 0),
(322, 1, 283, 0),
(323, 1, 284, 0),
(324, 1, 285, 0),
(325, 1, 286, 0),
(326, 1, 287, 0),
(327, 1, 288, 0),
(328, 1, 289, 0),
(329, 1, 290, 0),
(330, 1, 291, 0),
(331, 1, 292, 0),
(332, 1, 293, 0),
(333, 1, 294, 0),
(334, 1, 295, 0),
(335, 1, 296, 0),
(336, 1, 297, 0),
(337, 1, 298, 0),
(338, 1, 299, 0),
(339, 1, 300, 0),
(340, 1, 301, 0),
(341, 1, 302, 0),
(342, 1, 303, 0),
(343, 1, 304, 0),
(344, 1, 305, 0),
(345, 1, 306, 0),
(346, 1, 307, 0),
(347, 1, 308, 0),
(348, 1, 309, 0),
(349, 1, 310, 0),
(350, 1, 311, 0),
(351, 1, 312, 0),
(352, 1, 313, 0),
(353, 1, 314, 0),
(354, 1, 315, 0),
(355, 1, 316, 0),
(356, 1, 317, 0),
(357, 1, 318, 0),
(358, 1, 319, 0),
(359, 1, 320, 0),
(360, 1, 321, 0),
(361, 1, 322, 0),
(362, 1, 323, 0),
(363, 1, 324, 0),
(364, 1, 325, 0),
(365, 1, 326, 0),
(366, 1, 327, 0),
(367, 1, 328, 0),
(368, 1, 329, 0),
(369, 1, 330, 0),
(370, 1, 331, 0),
(371, 1, 332, 0),
(373, 1, 333, 0),
(374, 1, 334, 0),
(375, 1, 335, 0),
(376, 1, 336, 0),
(377, 1, 337, 0),
(378, 1, 338, 0),
(379, 1, 339, 0),
(380, 1, 340, 0),
(381, 1, 341, 0),
(382, 1, 342, 0),
(383, 1, 343, 0),
(384, 1, 344, 0),
(385, 1, 345, 0),
(386, 1, 346, 0),
(387, 1, 347, 0),
(388, 1, 348, 0),
(389, 1, 349, 0),
(390, 1, 350, 0),
(391, 1, 351, 0),
(392, 1, 352, 0),
(393, 1, 353, 0),
(394, 1, 354, 0),
(395, 1, 355, 0),
(396, 1, 356, 0),
(397, 1, 357, 0),
(398, 1, 358, 0),
(399, 1, 359, 0),
(400, 1, 360, 0),
(401, 1, 361, 0),
(402, 1, 362, 0),
(403, 1, 363, 0),
(404, 1, 364, 0),
(405, 1, 365, 0),
(406, 1, 366, 0),
(408, 1, 368, 0),
(409, 1, 369, 0),
(410, 1, 370, 0),
(411, 1, 371, 0),
(412, 1, 372, 0),
(413, 1, 373, 0),
(414, 1, 374, 0),
(415, 1, 375, 0),
(416, 1, 376, 0),
(417, 1, 377, 0),
(418, 1, 378, 0),
(419, 1, 379, 0),
(420, 1, 380, 0),
(421, 1, 381, 0),
(422, 1, 382, 0),
(423, 1, 383, 0),
(424, 1, 384, 0),
(425, 1, 385, 0),
(426, 1, 386, 0),
(427, 1, 387, 0),
(428, 1, 388, 0),
(429, 1, 389, 0),
(430, 1, 390, 0),
(431, 1, 391, 0),
(432, 1, 392, 0),
(433, 1, 393, 0),
(434, 1, 394, 0),
(435, 1, 395, 0),
(436, 1, 396, 0),
(437, 1, 397, 0),
(438, 1, 398, 0),
(439, 1, 399, 0),
(440, 1, 400, 0),
(441, 1, 401, 0),
(442, 1, 402, 0),
(443, 1, 403, 0),
(444, 1, 404, 0),
(445, 1, 405, 0),
(446, 1, 406, 0),
(447, 1, 407, 0),
(448, 1, 408, 0),
(449, 1, 409, 0),
(450, 1, 410, 0),
(451, 1, 411, 0),
(452, 1, 412, 0),
(453, 1, 413, 0),
(454, 1, 414, 0),
(455, 1, 415, 0),
(456, 1, 416, 0),
(457, 1, 417, 0),
(458, 1, 418, 0),
(459, 1, 419, 0),
(460, 1, 420, 0),
(461, 1, 421, 0),
(462, 1, 422, 0),
(463, 1, 423, 0),
(464, 1, 424, 0),
(465, 1, 425, 0),
(466, 1, 426, 0),
(467, 1, 427, 0),
(468, 1, 428, 0),
(469, 1, 429, 0),
(470, 1, 430, 0),
(471, 1, 431, 0),
(472, 1, 432, 0),
(473, 1, 433, 0),
(474, 1, 434, 0),
(475, 1, 435, 0),
(476, 1, 436, 0),
(477, 1, 437, 0),
(478, 1, 438, 0),
(479, 1, 439, 0),
(480, 1, 440, 0),
(481, 1, 441, 0),
(482, 1, 442, 0),
(483, 1, 443, 0),
(484, 1, 444, 0),
(485, 1, 445, 0),
(486, 1, 446, 0),
(487, 1, 447, 0),
(488, 1, 448, 0),
(489, 1, 449, 0),
(490, 1, 450, 0),
(491, 1, 451, 0),
(492, 1, 452, 0),
(493, 1, 453, 0),
(494, 1, 454, 0),
(495, 1, 455, 0),
(496, 1, 456, 0),
(497, 1, 457, 0),
(500, 1, 460, 0),
(501, 1, 461, 0),
(502, 1, 462, 0),
(503, 1, 463, 0),
(504, 1, 464, 0),
(505, 1, 465, 0),
(506, 1, 466, 0),
(507, 1, 467, 0),
(508, 1, 468, 0),
(509, 1, 469, 0),
(510, 1, 470, 0),
(511, 1, 471, 0),
(512, 1, 472, 0),
(513, 1, 473, 0),
(514, 1, 474, 0),
(515, 1, 475, 0),
(516, 1, 476, 0),
(517, 1, 477, 0),
(518, 1, 478, 0),
(519, 1, 479, 0),
(520, 1, 480, 0),
(521, 1, 481, 0),
(522, 1, 482, 0),
(523, 1, 483, 0),
(524, 1, 484, 0),
(525, 1, 485, 0),
(526, 1, 486, 0),
(527, 1, 487, 0),
(528, 1, 488, 0),
(529, 1, 489, 0),
(530, 1, 490, 0),
(531, 1, 491, 0),
(532, 1, 492, 0),
(533, 1, 493, 0),
(534, 1, 494, 0),
(535, 1, 495, 0),
(536, 1, 496, 0),
(537, 1, 497, 0),
(538, 1, 498, 0),
(539, 1, 499, 0),
(540, 1, 500, 0),
(541, 1, 501, 0),
(542, 1, 502, 0),
(543, 1, 503, 0),
(544, 1, 504, 0),
(545, 1, 505, 0),
(546, 1, 506, 0),
(547, 1, 507, 0),
(548, 1, 508, 0),
(549, 1, 509, 0),
(550, 1, 510, 0),
(551, 1, 511, 0),
(552, 1, 512, 0),
(553, 1, 513, 0),
(554, 1, 514, 0),
(555, 1, 515, 0),
(556, 1, 516, 0),
(557, 1, 517, 0),
(558, 1, 518, 0),
(559, 1, 519, 0),
(4649, 16, 1, 0),
(4650, 16, 2, 0),
(4651, 16, 3, 0),
(4652, 16, 4, 0),
(4653, 16, 5, 0),
(4654, 16, 6, 0),
(4655, 16, 7, 0),
(4656, 16, 8, 0),
(4657, 16, 9, 0),
(4658, 16, 10, 0),
(4659, 16, 11, 0),
(4660, 16, 12, 0),
(4661, 16, 13, 0),
(4662, 16, 14, 0),
(4663, 16, 15, 0),
(4664, 16, 16, 0),
(4665, 16, 17, 0),
(4666, 16, 18, 0),
(4667, 16, 19, 0),
(4668, 16, 20, 0),
(4669, 16, 21, 0),
(4670, 16, 22, 0),
(4671, 16, 23, 0),
(4672, 16, 24, 0),
(4673, 16, 25, 0),
(4674, 16, 26, 0),
(4675, 16, 27, 0),
(4676, 16, 28, 0),
(4677, 16, 29, 0),
(4678, 16, 30, 0),
(4679, 16, 31, 0),
(4680, 16, 32, 0),
(4681, 16, 33, 0),
(4682, 16, 34, 0),
(4683, 16, 35, 0),
(4684, 16, 37, 0),
(4685, 16, 38, 0),
(4686, 16, 39, 0),
(4687, 16, 40, 0),
(4688, 16, 41, 0),
(4689, 16, 42, 0),
(4690, 16, 43, 0),
(4691, 16, 44, 0),
(4692, 16, 45, 0),
(4693, 16, 46, 0),
(4694, 16, 47, 0),
(4695, 16, 48, 0),
(4696, 16, 49, 0),
(4697, 16, 50, 0),
(4698, 16, 51, 0),
(4699, 16, 52, 0),
(4700, 16, 53, 0),
(4701, 16, 54, 0),
(4702, 16, 55, 0),
(4703, 16, 56, 0),
(4704, 16, 57, 0),
(4705, 16, 58, 0),
(4706, 16, 59, 0),
(4707, 16, 60, 0),
(4708, 16, 61, 0),
(4709, 16, 62, 0),
(4710, 16, 63, 0),
(4711, 16, 64, 0),
(4712, 16, 65, 0),
(4713, 16, 66, 0),
(4714, 16, 67, 0),
(4715, 16, 68, 0),
(4716, 16, 69, 0),
(4717, 16, 70, 0),
(4718, 16, 71, 0),
(4719, 16, 72, 0),
(4720, 16, 73, 0),
(4721, 16, 74, 0),
(4722, 16, 75, 0),
(4723, 16, 76, 0),
(4724, 16, 77, 0),
(4725, 16, 78, 0),
(4726, 16, 79, 0),
(4727, 16, 80, 0),
(4728, 16, 81, 0),
(4729, 16, 82, 0),
(4730, 16, 83, 0),
(4731, 16, 84, 0),
(4732, 16, 85, 0),
(4733, 16, 86, 0),
(4734, 16, 87, 0),
(4735, 16, 88, 0),
(4736, 16, 89, 0),
(4737, 16, 90, 0),
(4738, 16, 91, 0),
(4739, 16, 92, 0),
(4740, 16, 93, 0),
(4741, 16, 94, 0),
(4742, 16, 95, 0),
(4743, 16, 97, 0),
(4744, 16, 98, 0),
(4745, 16, 99, 0),
(4746, 16, 100, 0),
(4747, 16, 101, 0),
(4748, 16, 102, 0),
(4749, 16, 103, 0),
(4750, 16, 104, 0),
(4751, 16, 105, 0),
(4752, 16, 106, 0),
(4753, 16, 107, 0),
(4754, 16, 108, 0),
(4755, 16, 109, 0),
(4756, 16, 110, 0),
(4757, 16, 111, 0),
(4758, 16, 112, 0),
(4759, 16, 113, 0),
(4760, 16, 114, 0),
(4761, 16, 115, 0),
(4762, 16, 116, 0),
(4763, 16, 117, 0),
(4764, 16, 118, 0),
(4765, 16, 119, 0),
(4766, 16, 120, 0),
(4767, 16, 121, 0),
(4768, 16, 122, 0),
(4769, 16, 123, 0),
(4770, 16, 124, 0),
(4771, 16, 125, 0),
(4772, 16, 126, 0),
(4773, 16, 127, 0),
(4774, 16, 128, 0),
(4775, 16, 129, 0),
(4776, 16, 130, 0),
(4777, 16, 131, 0),
(4778, 16, 132, 0),
(4779, 16, 133, 0),
(4780, 16, 134, 0),
(4781, 16, 135, 0),
(4782, 16, 136, 0),
(4783, 16, 137, 0),
(4784, 16, 138, 0),
(4785, 16, 139, 0),
(4786, 16, 140, 0),
(4787, 16, 141, 0),
(4788, 16, 142, 0),
(4789, 16, 143, 0),
(4790, 16, 144, 0),
(4791, 16, 145, 0),
(4792, 16, 146, 0),
(4793, 16, 147, 0),
(4794, 16, 148, 0),
(4795, 16, 149, 0),
(4796, 16, 150, 0),
(4797, 16, 151, 0),
(4798, 16, 152, 0),
(4799, 16, 153, 0),
(4800, 16, 154, 0),
(4801, 16, 155, 0),
(4802, 16, 156, 0),
(4803, 16, 157, 0),
(4804, 16, 158, 0),
(4805, 16, 159, 0),
(4806, 16, 160, 0),
(4807, 16, 161, 0),
(4808, 16, 162, 0),
(4809, 16, 163, 0),
(4810, 16, 164, 0),
(4811, 16, 165, 0),
(4812, 16, 166, 0),
(4813, 16, 167, 0),
(4814, 16, 168, 0),
(4815, 16, 169, 0),
(4816, 16, 170, 0),
(4817, 16, 171, 0),
(4818, 16, 172, 0),
(4819, 16, 173, 0),
(4820, 16, 174, 0),
(4821, 16, 175, 0),
(4822, 16, 176, 0),
(4823, 16, 177, 0),
(4824, 16, 178, 0),
(4825, 16, 179, 0),
(4826, 16, 180, 0),
(4827, 16, 181, 0),
(4828, 16, 182, 0),
(4829, 16, 183, 0),
(4830, 16, 184, 0),
(4831, 16, 185, 0),
(4832, 16, 186, 0),
(4833, 16, 187, 0),
(4834, 16, 188, 0),
(4835, 16, 190, 0),
(4836, 16, 191, 0),
(4837, 16, 192, 0),
(4838, 16, 193, 0),
(4839, 16, 194, 0),
(4840, 16, 195, 0),
(4841, 16, 196, 0),
(4842, 16, 197, 0),
(4843, 16, 198, 0),
(4844, 16, 199, 0),
(4845, 16, 200, 0),
(4846, 16, 201, 0),
(4847, 16, 202, 0),
(4848, 16, 203, 0),
(4849, 16, 204, 0),
(4850, 16, 205, 0),
(4851, 16, 206, 0),
(4852, 16, 207, 0),
(4853, 16, 208, 0),
(4854, 16, 209, 0),
(4855, 16, 211, 0),
(4856, 16, 212, 0),
(4857, 16, 213, 0),
(4858, 16, 215, 0),
(4859, 16, 216, 0),
(4860, 16, 217, 0),
(4861, 16, 218, 0),
(4862, 16, 219, 0),
(4863, 16, 220, 0),
(4864, 16, 221, 0),
(4865, 16, 222, 0),
(4866, 16, 223, 0),
(4867, 16, 224, 0),
(4868, 16, 225, 0),
(4869, 16, 226, 0),
(4870, 16, 227, 0),
(4871, 16, 228, 0),
(4872, 16, 229, 0),
(4873, 16, 230, 0),
(4874, 16, 231, 0),
(4875, 16, 232, 0),
(4876, 16, 233, 0),
(4877, 16, 234, 0),
(4878, 16, 235, 0),
(4879, 16, 236, 0),
(4880, 16, 237, 1),
(4881, 16, 238, 1),
(4882, 16, 239, 1),
(4883, 16, 240, 1),
(4884, 16, 241, 1),
(4885, 16, 242, 1),
(4886, 16, 243, 1),
(4887, 16, 244, 0),
(4888, 16, 245, 0),
(4889, 16, 246, 0),
(4890, 16, 247, 0),
(4891, 16, 248, 0),
(4892, 16, 249, 0),
(4893, 16, 250, 0),
(4894, 16, 251, 0),
(4895, 16, 252, 0),
(4896, 16, 253, 0),
(4897, 16, 254, 0),
(4898, 16, 255, 0),
(4899, 16, 256, 0),
(4900, 16, 257, 0),
(4901, 16, 258, 0),
(4902, 16, 259, 0),
(4903, 16, 260, 0),
(4904, 16, 261, 0),
(4905, 16, 262, 0),
(4906, 16, 263, 0),
(4907, 16, 264, 0),
(4908, 16, 265, 0),
(4909, 16, 266, 0),
(4910, 16, 267, 0),
(4911, 16, 268, 0),
(4912, 16, 269, 0),
(4913, 16, 270, 0),
(4914, 16, 271, 0),
(4915, 16, 272, 0),
(4916, 16, 273, 0),
(4917, 16, 274, 0),
(4918, 16, 275, 0),
(4919, 16, 276, 0),
(4920, 16, 277, 0),
(4921, 16, 278, 0),
(4922, 16, 279, 0),
(4923, 16, 280, 0),
(4924, 16, 281, 0),
(4925, 16, 282, 0),
(4926, 16, 283, 0),
(4927, 16, 284, 0),
(4928, 16, 285, 0),
(4929, 16, 286, 0),
(4930, 16, 287, 0),
(4931, 16, 288, 0),
(4932, 16, 289, 0),
(4933, 16, 290, 0),
(4934, 16, 291, 0),
(4935, 16, 292, 0),
(4936, 16, 293, 0),
(4937, 16, 294, 0),
(4938, 16, 295, 0),
(4939, 16, 296, 0),
(4940, 16, 297, 0),
(4941, 16, 298, 0),
(4942, 16, 299, 0),
(4943, 16, 300, 0),
(4944, 16, 301, 0),
(4945, 16, 302, 0),
(4946, 16, 303, 0),
(4947, 16, 304, 0),
(4948, 16, 305, 0),
(4949, 16, 306, 0),
(4950, 16, 307, 0),
(4951, 16, 308, 0),
(4952, 16, 309, 0),
(4953, 16, 310, 0),
(4954, 16, 311, 0),
(4955, 16, 312, 0),
(4956, 16, 313, 0),
(4957, 16, 314, 0),
(4958, 16, 315, 0),
(4959, 16, 316, 0),
(4960, 16, 317, 0),
(4961, 16, 318, 0),
(4962, 16, 319, 0),
(4963, 16, 320, 0),
(4964, 16, 321, 0),
(4965, 16, 322, 0),
(4966, 16, 323, 0),
(4967, 16, 324, 0),
(4968, 16, 325, 0),
(4969, 16, 326, 0),
(4970, 16, 327, 0),
(4971, 16, 328, 0),
(4972, 16, 329, 0),
(4973, 16, 330, 0),
(4974, 16, 331, 0),
(4975, 16, 332, 0),
(4976, 16, 333, 0),
(4977, 16, 334, 0),
(4978, 16, 335, 0),
(4979, 16, 336, 0),
(4980, 16, 337, 0),
(4981, 16, 338, 0),
(4982, 16, 339, 0),
(4983, 16, 340, 0),
(4984, 16, 341, 0),
(4985, 16, 342, 0),
(4986, 16, 343, 0),
(4987, 16, 344, 0),
(4988, 16, 345, 0),
(4989, 16, 346, 0),
(4990, 16, 347, 0),
(4991, 16, 348, 0),
(4992, 16, 349, 0),
(4993, 16, 350, 0),
(4994, 16, 351, 0),
(4995, 16, 352, 0),
(4996, 16, 353, 0),
(4997, 16, 354, 0),
(4998, 16, 355, 0),
(4999, 16, 356, 0),
(5000, 16, 357, 0),
(5001, 16, 358, 0),
(5002, 16, 359, 0),
(5003, 16, 360, 0),
(5004, 16, 361, 0),
(5005, 16, 362, 0),
(5006, 16, 363, 0),
(5007, 16, 364, 0),
(5008, 16, 365, 0),
(5009, 16, 366, 0),
(5010, 16, 368, 0),
(5011, 16, 369, 0),
(5012, 16, 370, 0),
(5013, 16, 371, 0),
(5014, 16, 372, 0),
(5015, 16, 373, 0),
(5016, 16, 374, 0),
(5017, 16, 375, 0),
(5018, 16, 376, 0),
(5019, 16, 377, 0),
(5020, 16, 378, 0),
(5021, 16, 379, 0),
(5022, 16, 380, 0),
(5023, 16, 381, 0),
(5024, 16, 382, 0),
(5025, 16, 383, 0),
(5026, 16, 384, 0),
(5027, 16, 385, 0),
(5028, 16, 386, 0),
(5029, 16, 387, 0),
(5030, 16, 388, 0),
(5031, 16, 389, 0),
(5032, 16, 390, 0),
(5033, 16, 391, 0),
(5034, 16, 392, 0),
(5035, 16, 393, 0),
(5036, 16, 394, 0),
(5037, 16, 395, 0),
(5038, 16, 396, 0),
(5039, 16, 397, 0),
(5040, 16, 398, 0),
(5041, 16, 399, 0),
(5042, 16, 400, 0),
(5043, 16, 401, 0),
(5044, 16, 402, 0),
(5045, 16, 403, 0),
(5046, 16, 404, 0),
(5047, 16, 405, 0),
(5048, 16, 406, 0),
(5049, 16, 407, 0),
(5050, 16, 408, 0),
(5051, 16, 409, 0),
(5052, 16, 410, 0),
(5053, 16, 411, 0),
(5054, 16, 412, 0),
(5055, 16, 413, 0),
(5056, 16, 414, 0),
(5057, 16, 415, 0),
(5058, 16, 416, 0),
(5059, 16, 417, 0),
(5060, 16, 418, 0),
(5061, 16, 419, 0),
(5062, 16, 420, 0),
(5063, 16, 421, 0),
(5064, 16, 422, 0),
(5065, 16, 423, 0),
(5066, 16, 424, 0),
(5067, 16, 425, 0),
(5068, 16, 426, 0),
(5069, 16, 427, 0),
(5070, 16, 428, 0),
(5071, 16, 429, 0),
(5072, 16, 430, 0),
(5073, 16, 431, 0),
(5074, 16, 432, 0),
(5075, 16, 433, 0),
(5076, 16, 434, 0),
(5077, 16, 435, 0),
(5078, 16, 436, 0),
(5079, 16, 437, 0),
(5080, 16, 438, 0),
(5081, 16, 439, 0),
(5082, 16, 440, 0),
(5083, 16, 441, 0),
(5084, 16, 442, 0),
(5085, 16, 443, 0),
(5086, 16, 444, 0),
(5087, 16, 445, 0),
(5088, 16, 446, 0),
(5089, 16, 447, 0),
(5090, 16, 448, 0),
(5091, 16, 449, 0),
(5092, 16, 450, 0),
(5093, 16, 451, 0),
(5094, 16, 452, 0),
(5095, 16, 453, 0),
(5096, 16, 454, 0),
(5097, 16, 455, 0),
(5098, 16, 456, 0),
(5099, 16, 457, 0),
(5100, 16, 460, 0),
(5101, 16, 461, 0),
(5102, 16, 462, 0),
(5103, 16, 463, 0),
(5104, 16, 464, 0),
(5105, 16, 465, 0),
(5106, 16, 466, 0),
(5107, 16, 467, 0),
(5108, 16, 468, 0),
(5109, 16, 469, 0),
(5110, 16, 470, 0),
(5111, 16, 471, 0),
(5112, 16, 472, 0),
(5113, 16, 473, 0),
(5114, 16, 474, 0),
(5115, 16, 475, 0),
(5116, 16, 476, 0),
(5117, 16, 477, 0),
(5118, 16, 478, 0),
(5119, 16, 479, 0),
(5120, 16, 480, 0),
(5121, 16, 481, 0),
(5122, 16, 482, 0),
(5123, 16, 483, 0),
(5124, 16, 484, 0),
(5125, 16, 485, 0),
(5126, 16, 486, 0),
(5127, 16, 487, 0),
(5128, 16, 488, 0),
(5129, 16, 489, 0),
(5130, 16, 490, 0),
(5131, 16, 491, 0),
(5132, 16, 492, 0),
(5133, 16, 493, 0),
(5134, 16, 494, 0),
(5135, 16, 495, 0),
(5136, 16, 496, 0),
(5137, 16, 497, 0),
(5138, 16, 498, 0),
(5139, 16, 499, 0),
(5140, 16, 500, 0),
(5141, 16, 501, 0),
(5142, 16, 502, 0),
(5143, 16, 503, 0),
(5144, 16, 504, 0),
(5145, 16, 505, 0),
(5146, 16, 506, 0),
(5147, 16, 507, 0),
(5148, 16, 508, 0),
(5149, 16, 509, 0),
(5150, 16, 510, 0),
(5151, 16, 511, 0),
(5152, 16, 512, 0),
(5153, 16, 513, 0),
(5154, 16, 514, 0),
(5155, 16, 515, 0),
(5156, 16, 516, 0),
(5157, 16, 517, 0),
(5158, 16, 518, 0),
(5159, 16, 519, 0);

-- --------------------------------------------------------

--
-- Estructura de tabla para la tabla `language`
--

CREATE TABLE IF NOT EXISTS `language` (
  `idLanguage` int(255) NOT NULL,
  `languageName` varchar(255) NOT NULL,
  PRIMARY KEY (`idLanguage`)
) ENGINE=InnoDB DEFAULT CHARSET=latin1;

--
-- Volcado de datos para la tabla `language`
--

INSERT INTO `language` (`idLanguage`, `languageName`) VALUES
(1, 'ESP'),
(2, 'POR'),
(3, 'ENG');

-- --------------------------------------------------------

--
-- Estructura de tabla para la tabla `sign`
--

CREATE TABLE IF NOT EXISTS `sign` (
  `idSign` int(255) NOT NULL,
  `signname` varchar(255) NOT NULL,
  `item` int(255) NOT NULL,
  PRIMARY KEY (`idSign`),
  KEY `itemForeignKeySign` (`item`)
) ENGINE=InnoDB DEFAULT CHARSET=latin1;

--
-- Volcado de datos para la tabla `sign`
--

INSERT INTO `sign` (`idSign`, `signname`, `item`) VALUES
(1, 'a', 1),
(2, 'b', 2),
(3, 'c', 3),
(4, 'd', 4),
(5, 'e', 5),
(6, 'f', 6),
(7, 'g', 7),
(8, 'h', 8),
(9, 'i', 9),
(10, 'j', 10),
(11, 'k', 11),
(12, 'l', 12),
(13, 'm', 13),
(14, 'n', 14),
(15, 'o', 15),
(16, 'p', 16),
(17, 'q', 17),
(18, 'r', 18),
(19, 's', 19),
(20, 't', 20),
(21, 'u', 21),
(22, 'v', 22),
(23, 'w', 23),
(24, 'x', 24),
(25, 'ye', 25),
(26, 'z', 26),
(28, 'uno', 28),
(29, 'dos', 29),
(30, 'tres', 30),
(31, 'cuatro', 31),
(32, 'cinco', 32),
(33, 'seis', 33),
(34, 'siete', 34),
(35, 'ocho', 35),
(36, 'nueve', 36),
(37, 'diez', 37),
(38, 'once', 38),
(39, 'doce', 39),
(40, 'trece', 40),
(41, 'catorce', 41),
(42, 'quince', 42),
(43, 'dieciseis', 43),
(44, 'diecisiete', 44),
(45, 'dieciocho', 45),
(46, 'diecinueve', 46),
(47, 'veinte', 47),
(48, 'treinta', 48),
(49, 'cuarenta', 49),
(50, 'cincuenta', 50),
(51, 'sesenta', 51),
(52, 'setenta', 52),
(53, 'ochenta', 53),
(54, 'noventa', 54),
(55, 'cien', 55),
(56, 'doscientos', 56),
(57, 'trescientos', 57),
(58, 'cuatrocientos', 58),
(59, 'quinientos', 59),
(60, 'seiscientos', 60),
(61, 'setecientos', 61),
(62, 'ochocientos', 62),
(63, 'novecientos', 63),
(64, 'mil', 64),
(65, 'dosmil', 65),
(66, 'tresmil', 66),
(67, 'cuatromil', 67),
(68, 'cincomil', 68),
(69, 'millon', 69),
(71, 'comprar', 71),
(72, 'hablar', 72),
(73, 'pagar', 73),
(74, 'salir', 74),
(75, 'trasnochar', 75),
(76, 'visitar', 76),
(77, 'olvidar', 77),
(78, 'necesitar', 78),
(79, 'bajar', 79),
(80, 'acompañar', 80),
(81, 'abrir_cortina', 81),
(82, 'adiestar', 82),
(83, 'acomer', 83),
(84, 'evitar', 84),
(85, 'respetar', 85),
(86, 'salvar', 86),
(87, 'traer', 87),
(88, 'entender', 88),
(89, 'despertar', 89),
(90, 'celebrar', 90),
(91, 'cambiar', 91),
(92, 'absorber', 92),
(93, 'enseñar', 93),
(94, 'dibujar', 94),
(95, 'correr', 95),
(96, 'caminar', 96),
(97, 'autorizar', 97),
(98, 'alcanzar', 98),
(99, 'cantar', 99),
(100, 'descansar', 100),
(101, 'colorear', 101),
(102, 'escuchar', 102),
(103, 'nadar', 103),
(104, 'saltar', 104),
(105, 'vender', 105),
(106, 'acariciar', 106),
(107, 'barrer', 107),
(108, 'explicar', 108),
(109, 'leer', 109),
(110, 'participar', 110),
(111, 'llamar por teléfono', 111),
(112, 'extrañar', 112),
(114, 'continuar', 114),
(115, 'coger', 115),
(116, 'avanzar', 116),
(118, 'acomodar', 118),
(119, 'admirar', 119),
(120, 'dar', 120),
(121, 'jugar', 121),
(122, 'oir', 122),
(123, 'recordar', 123),
(124, 'vestir', 124),
(125, 'coleccionar', 125),
(126, 'adoptar', 126),
(127, 'bucear', 127),
(128, 'empezar', 128),
(129, 'comparar', 129),
(131, 'crecer', 131),
(132, 'escribir', 132),
(134, 'bromear', 134),
(135, 'confirmar', 135),
(136, 'dormir', 136),
(137, 'hacer', 137),
(138, 'llamar', 138),
(139, 'ofrecer', 139),
(140, 'sentir', 140),
(141, 'ver', 141),
(142, 'invitar', 142),
(143, 'terminar', 143),
(144, 'limpiar', 144),
(145, 'ayudar', 145),
(146, 'abandonar', 146),
(147, 'bailar', 147),
(148, 'enamorar', 148),
(149, 'estudiar', 149),
(150, 'obedecer', 150),
(151, 'llorar', 151),
(152, 'repetir', 152),
(153, 'sentarse', 153),
(154, 'arreglar', 154),
(155, 'avisar', 155),
(157, 'observar', 157),
(158, 'opinar', 158),
(159, 'pelear', 159),
(160, 'pensar', 160),
(161, 'preguntar', 161),
(165, 'reir', 165),
(166, 'respirar', 166),
(167, 'fresa', 167),
(168, 'durazno', 168),
(169, 'aguacate', 169),
(170, 'naranja', 170),
(171, 'papaya', 171),
(172, 'tomate', 172),
(173, 'uva', 173),
(174, 'mora', 174),
(175, 'manzana', 175),
(176, 'pin-a', 176),
(177, 'pera', 177),
(178, 'limon', 178),
(179, 'guayaba', 179),
(180, 'banano', 180),
(181, 'platano', 181),
(182, 'zanahoria', 182),
(183, 'cebolla', 183),
(184, 'aji', 184),
(185, 'habichuela', 185),
(186, 'yuca', 186),
(187, 'mazorca', 187),
(188, 'ajo', 188),
(189, 'agua', 189),
(190, 'caldo', 190),
(191, 'comida', 191),
(192, 'gelatina', 192),
(193, 'sal', 193),
(194, 'salchicha', 194),
(195, 'pan', 195),
(196, 'ensalada', 196),
(197, 'carne', 197),
(198, 'almuerzo', 198),
(199, 'bunuelo', 199),
(200, 'champinon', 200),
(201, 'galleta', 201),
(202, 'gaseosa', 202),
(203, 'queso', 203),
(204, 'salsa_de_tomate', 204),
(205, 'espagueti', 205),
(206, 'cafe', 206),
(207, 'cerveza', 207),
(208, 'pizza', 208),
(209, 'verdura', 209),
(210, 'torta', 210),
(211, 'azucar', 211),
(212, 'chocolate', 212),
(213, 'desayuno', 213),
(214, 'sopa', 214),
(215, 'te', 215),
(216, 'mayonesa', 216),
(217, 'lunes', 217),
(218, 'martes', 218),
(219, 'miercoles', 219),
(220, 'jueves', 220),
(221, 'viernes', 221),
(222, 'sabado', 222),
(223, 'domingo', 223),
(224, 'enero', 224),
(225, 'febrero', 225),
(226, 'marzo', 226),
(227, 'abril', 227),
(228, 'mayo', 228),
(229, 'junio', 229),
(230, 'julio', 230),
(231, 'agosto', 231),
(232, 'septiembre', 232),
(233, 'octubre', 233),
(234, 'noviembre', 234),
(235, 'diciembre', 235),
(236, 'amarillo', 236),
(237, 'azul', 237),
(238, 'rojo', 238),
(239, 'verde', 239),
(240, 'negro', 240),
(241, 'gris', 241),
(242, 'blanco', 242),
(243, 'alcaldia', 243),
(244, 'biblioteca', 244),
(245, 'hotel', 245),
(246, 'universidad', 246),
(247, 'restaurante', 247),
(248, 'hospital', 248),
(249, 'bodega', 249),
(250, 'tienda', 250),
(251, 'gimnasio', 251),
(252, 'oficina', 252),
(253, 'iglesia', 253),
(254, 'garage', 254),
(255, 'apartamento', 255),
(256, 'parque', 256),
(257, 'peluqueria', 257),
(258, 'supermercado', 258),
(259, 'playa', 259),
(260, 'discoteca', 260),
(261, 'abrigo', 261),
(262, 'pantaloncillo', 262),
(263, 'correa', 263),
(264, 'calzones', 264),
(265, 'camisa', 265),
(266, 'sombrero', 266),
(267, 'pantalon', 267),
(268, 'blusa', 268),
(269, 'chaqueta', 269),
(270, 'vestido', 270),
(271, 'guantes', 271),
(272, 'corbata', 272),
(273, 'botiquin', 273),
(274, 'abanico', 274),
(275, 'botella', 275),
(276, 'gafas', 276),
(277, 'plancha', 277),
(278, 'vaso', 278),
(279, 'cadena', 279),
(280, 'jaula', 280),
(281, 'lapiz_labial', 281),
(283, 'carro', 283),
(284, 'boleta', 284),
(285, 'caja', 285),
(286, 'cremallera', 286),
(287, 'jeringa', 287),
(288, 'telescopio', 288),
(290, 'llave', 290),
(291, 'embudo', 291),
(292, 'camara', 292),
(294, 'brujula', 294),
(295, 'lana', 295),
(296, 'perfume', 296),
(297, 'termometro', 297),
(298, 'medalla', 298),
(299, 'cepillo_de_dientes', 299),
(300, 'candado', 300),
(301, 'espejo', 301),
(302, 'tesoro', 302),
(303, 'toalla', 303),
(304, 'mun-eco', 304),
(305, 'pincel', 305),
(307, 'casa', 307),
(308, 'carta', 308),
(309, 'billetera', 309),
(310, 'bandera', 310),
(311, 'campana', 311),
(312, 'pelota', 312),
(313, 'pendulo', 313),
(314, 'canasta', 314),
(315, 'billete', 315),
(316, 'avion', 316),
(317, 'mama', 317),
(318, 'papa', 318),
(319, 'hermano', 319),
(320, 'hermana', 320),
(321, 'abuelo', 321),
(322, 'abuelo', 322),
(323, 'tio', 323),
(324, 'tio', 324),
(325, 'nieto', 325),
(326, 'nieta', 326),
(327, 'primo', 327),
(328, 'primo', 328),
(329, 'sobrino', 329),
(330, 'sobrino', 330),
(331, 'esposo', 331),
(332, 'esposa', 332),
(333, 'hijo', 333),
(334, 'disen-ador', 334),
(335, 'medico', 335),
(336, 'ortodoncista', 336),
(337, 'ginecologo', 337),
(338, 'chef', 338),
(339, 'obispo', 339),
(340, 'jardinero', 340),
(341, 'panadero', 341),
(342, 'secretaria', 342),
(343, 'vendedor', 343),
(344, 'traductor', 344),
(345, 'presidente', 345),
(346, 'oftalmologo', 346),
(347, 'ingeniero', 347),
(348, 'astronauta', 348),
(349, 'alcalde', 349),
(350, 'director', 350),
(352, 'ministro', 352),
(353, 'barbero', 353),
(354, 'auditor', 354),
(355, 'cientifico', 355),
(356, 'profesor', 356),
(357, 'sacerdote', 357),
(358, 'poeta', 358),
(359, 'gripa', 359),
(360, 'asfixia', 360),
(361, 'paludismo', 361),
(362, 'sida', 362),
(363, 'diarrea', 363),
(364, 'dolor', 364),
(365, 'leproso', 365),
(366, 'acne', 366),
(367, 'cancer', 367),
(368, 'asma', 368),
(369, 'tos', 369),
(370, 'trombosis', 370),
(371, 'miopia', 371),
(372, 'amable', 372),
(373, 'paciencia', 373),
(374, 'respetar', 374),
(375, 'responsable', 375),
(376, 'leal', 376),
(377, 'simpatico', 377),
(378, 'autonomo', 378),
(379, 'donde', 379),
(380, 'donde_queda', 380),
(381, 'donde_vives', 381),
(382, 'como', 382),
(383, 'como_esta', 383),
(384, 'cuanto', 384),
(385, 'cuando', 385),
(386, 'por_que', 386),
(387, 'que', 387),
(388, 'que_es_eso', 388),
(389, 'que_paso', 389),
(390, 'quien', 390),
(391, 'nariz', 391),
(392, 'pelo', 392),
(393, 'senos', 393),
(394, 'pestan-a', 394),
(395, 'ojos', 395),
(396, 'encefalo', 396),
(397, 'caja_toracica', 397),
(398, 'faringe', 398),
(399, 'ovario', 399),
(400, 'brazo', 400),
(401, 'dentadura', 401),
(402, 'boca', 402),
(403, 'espalda', 403),
(404, 'oreja', 404),
(405, 'pies', 405),
(406, 'testiculos', 406),
(407, 'corazon', 407),
(408, 'cabello', 408),
(409, 'glandulas', 409),
(410, 'amigdala', 410),
(411, 'pene', 411),
(412, 'higado', 412),
(413, 'papilas', 413),
(414, 'retina', 414),
(415, 'utero', 415),
(416, 'parpados', 416),
(417, 'ceja', 417),
(418, 'dedos', 418),
(419, 'cara', 419),
(420, 'bazo', 420),
(421, 'hombro', 421),
(422, 'ovulos', 422),
(423, 'pulmones', 423),
(424, 'vagina', 424),
(425, 'estomago', 425),
(426, 'cuello', 426),
(427, 'cabeza', 427),
(428, 'pierna', 428),
(429, 'mano', 429),
(430, 'rin-ones', 430),
(431, 'cerebro', 431),
(432, 'columna', 432),
(433, 'oido', 433),
(434, 'artropodos', 434),
(435, 'moluscos', 435),
(436, 'equinodermos', 436),
(437, 'gusanos', 437),
(438, 'celenteros', 438),
(439, 'clorofila', 439),
(440, 'nutrientes', 440),
(441, 'oxigeno', 441),
(444, 'ecosistema', 444),
(445, 'metamorfosis', 445),
(446, 'anelidos', 446),
(447, 'anfibio', 447),
(448, 'invertebrados', 448),
(449, 'omnivoros', 449),
(450, 'oviparos', 450),
(451, 'viviparos', 451),
(452, 'reptiles', 452),
(453, 'mamiferos', 453),
(454, 'angiospermas', 454),
(455, 'arbol', 455),
(456, 'atomo', 456),
(457, 'celula', 457),
(458, 'embrion', 458),
(459, 'genotipo', 459),
(460, 'neutron', 460),
(461, 'nucleo', 461),
(462, 'ovulacion', 462),
(463, 'proton', 463),
(464, 'molecula', 464),
(465, 'conejo', 465),
(466, 'gato', 466),
(467, 'perro', 467),
(468, 'ballena', 468),
(469, 'cocodrilo', 469),
(470, 'elefante', 470),
(471, 'gorila', 471),
(472, 'oso', 472),
(473, 'hiena', 473),
(474, 'jaguar', 474),
(475, 'leopardo', 475),
(476, 'lobo', 476),
(477, 'puma', 477),
(478, 'rinoceronte', 478),
(479, 'tiburon', 479),
(480, 'tigre', 480),
(481, 'aran-a', 481),
(482, 'grillo', 482),
(483, 'gusano', 483),
(484, 'venado', 484),
(485, 'vaca', 485),
(486, 'tortuga', 486),
(487, 'sapo', 487),
(488, 'toro', 488),
(489, 'raton', 489),
(490, 'pulpo', 490),
(491, 'pollo', 491),
(492, 'pajaro', 492),
(493, 'pato', 493),
(494, 'gallo', 494),
(495, 'gallina', 495),
(496, 'caballo', 496),
(497, 'cerdo', 497),
(498, 'caracol', 498),
(499, 'canguro', 499),
(500, 'cangrejo', 500),
(501, 'camello', 501),
(502, 'cabra', 502),
(503, 'burro', 503);

-- --------------------------------------------------------

--
-- Estructura de tabla para la tabla `user`
--

CREATE TABLE IF NOT EXISTS `user` (
  `iduser` int(255) NOT NULL AUTO_INCREMENT,
  `nombre` varchar(255) NOT NULL,
  `userName` varchar(255) NOT NULL,
  `userPassword` varchar(255) NOT NULL,
  PRIMARY KEY (`iduser`)
) ENGINE=InnoDB  DEFAULT CHARSET=latin1 AUTO_INCREMENT=17 ;

--
-- Volcado de datos para la tabla `user`
--

INSERT INTO `user` (`iduser`, `nombre`, `userName`, `userPassword`) VALUES
(1, 'Adrian', 'nello', '12345'),
(16, 'Prueba', 'morenos', 'abc');

-- --------------------------------------------------------

--
-- Estructura de tabla para la tabla `userevaluation`
--

CREATE TABLE IF NOT EXISTS `userevaluation` (
  `iduserevaluation` int(255) NOT NULL AUTO_INCREMENT,
  `iduser` int(255) DEFAULT NULL,
  `idEvaluation` int(255) DEFAULT NULL,
  `opca` varchar(100) DEFAULT NULL,
  `opcb` varchar(100) DEFAULT NULL,
  `opcc` varchar(100) DEFAULT NULL,
  `responsecorrect` varchar(100) DEFAULT NULL,
  `responseuser` varchar(100) DEFAULT '0',
  PRIMARY KEY (`iduserevaluation`),
  KEY `evaluationforeignkey` (`idEvaluation`),
  KEY `userforeignkey` (`iduser`)
) ENGINE=InnoDB  DEFAULT CHARSET=latin1 AUTO_INCREMENT=1201 ;

--
-- Volcado de datos para la tabla `userevaluation`
--

INSERT INTO `userevaluation` (`iduserevaluation`, `iduser`, `idEvaluation`, `opca`, `opcb`, `opcc`, `responsecorrect`, `responseuser`) VALUES
(1, 1, 1, 'aguacate', 'tomate', 'limon', 'A', '0'),
(2, 1, 2, 'guayaba', 'papaya', 'durazno', 'B', '0'),
(3, 1, 3, 'mora', 'guayaba', 'tomate', 'A', '0'),
(4, 1, 4, 'banano', 'pera', 'uva', 'B', '0'),
(5, 1, 5, 'pin-a', 'manzana', 'guayaba', 'C', '0'),
(6, 1, 6, 'habichuela', 'platano', 'zanahoria', 'B', '0'),
(7, 1, 7, 'mazorca', 'platano', 'cebolla', 'C', '0'),
(8, 1, 8, 'habichuela', 'yuca', 'ajo', 'A', '0'),
(9, 1, 9, 'mazorca', 'sal', 'ajo', 'A', '0'),
(10, 1, 10, 'habichuela', 'carne', 'ajo', 'C', '0'),
(11, 1, 11, 'mazorca', 'carne', 'sal', 'C', '0'),
(12, 1, 12, 'chocolate', 'carne', 'cerveza', 'B', '0'),
(13, 1, 13, 'chocolate', 'platano', 'cerveza', 'C', '0'),
(14, 1, 14, 'chocolate', 'te', 'gaseosa', 'A', '0'),
(15, 1, 15, 'te', 'chocolate', 'gaseosa', 'A', '0'),
(16, 1, 16, 'lunes', 'domingo', 'jueves', 'A', '0'),
(17, 1, 17, 'jueves', 'martes', 'miércoles', 'C', '0'),
(18, 1, 18, 'lunes', 'sabado', 'viernes', 'C', '0'),
(19, 1, 19, 'miércoles', 'domingo', 'viernes', 'B', '0'),
(20, 1, 20, 'martes', 'miercoles', 'jueves', 'C', '0'),
(21, 1, 21, 'diciembre', 'mayo', 'marzo', 'C', '0'),
(22, 1, 22, 'enero', 'junio', 'abril', 'B', '0'),
(23, 1, 23, 'octubre', 'agosto', 'julio', 'A', '0'),
(24, 1, 24, 'marzo', 'noviembre', 'septiembre', 'B', '0'),
(25, 1, 25, 'septiembre', 'noviembre', 'diciembre', 'C', '0'),
(26, 1, 26, 'k', 'h', 'd', 'c', '0'),
(27, 1, 27, 'i', 'h', 'a', 'b', '0'),
(28, 1, 28, 'x', 'b', 'k', 'c', '0'),
(29, 1, 29, 'r', 's', 'f', 'a', '0'),
(30, 1, 30, 'w', 'm', 't', 'a', '0'),
(31, 1, 31, 'u', 'a', 'e', 'a', 'A'),
(32, 1, 32, 'u', 'a', 'e', 'b', 'B'),
(33, 1, 33, 'e', 'o', 'i', 'b', 'B'),
(34, 1, 34, 'i', 'a', 'e', 'c', 'C'),
(35, 1, 35, 'i', 'o', 'u', 'a', 'A'),
(36, 1, 36, 'b', 'g', 'j', 'b', '0'),
(37, 1, 37, 'm', 'h', 'n', 'a', '0'),
(38, 1, 38, 's', 't', 'g', 'a', '0'),
(39, 1, 39, 'm', 'n', 'w', 'c', '0'),
(40, 1, 40, 't', 'z', 'i', 'b', '0'),
(41, 1, 41, 'oviparos', 'oxigeno', 'mamiferos', 'B', '0'),
(42, 1, 42, 'invertebrados', 'arbol', 'celula', 'A', '0'),
(43, 1, 43, 'reptiles', 'celula', 'embrion', 'A', '0'),
(44, 1, 44, 'atomo', 'nucleo', 'genotipo', 'C', '0'),
(45, 1, 45, 'molecula', 'anelidos', 'proton', 'C', '0'),
(46, 1, 46, 'ojos', 'cara', 'hombro', 'A', '0'),
(47, 1, 47, 'pies', 'higado', 'pierna', 'A', '0'),
(48, 1, 48, 'cara', 'retina', 'glándulas', 'C', '0'),
(49, 1, 49, 'párpados', 'cejas', 'dedos', 'C', '0'),
(50, 1, 50, 'pierna', 'dedos', 'mano', 'A', '0'),
(51, 1, 51, 'gusanos', 'celenteros', 'artrópodos', 'B', '0'),
(52, 1, 52, 'celenteros', 'artrópodos', 'gusanos', 'B', '0'),
(53, 1, 53, 'equinodermos', 'artrópodos', 'gusanos', 'C', '0'),
(54, 1, 54, 'moluscos', 'artrópodos', 'gusanos', 'A', '0'),
(55, 1, 55, 'artrópodos', 'equinodermos', 'celenteros', 'B', '0'),
(56, 1, 56, 'gorila', 'pollo', 'burro', 'A', '0'),
(57, 1, 57, 'cabra', 'pajaro', 'jaguar', 'C', '0'),
(58, 1, 58, 'caballo', 'gusano', 'canguro', 'B', '0'),
(59, 1, 59, 'vaca', 'perro', 'camello', 'A', '0'),
(60, 1, 60, 'canguro', 'gato', 'burro', 'A', '0'),
(61, 1, 61, 'azul', 'rojo', 'amarillo', 'C', '0'),
(62, 1, 62, 'verde', 'rojo', 'negro', 'B', '0'),
(63, 1, 63, 'gris', 'rojo', 'verde', 'C', '0'),
(64, 1, 64, 'gris', 'blanco', 'negro', 'A', '0'),
(65, 1, 65, 'azul', 'blanco', 'amarillo', 'B', '0'),
(66, 1, 66, 'plancha', 'boleta', 'termómetro', 'A', '0'),
(67, 1, 67, 'lapiz_labial', 'cadena', 'candado', 'B', '0'),
(68, 1, 68, 'lapiz_labial', 'espejo', 'pincel', 'A', '0'),
(69, 1, 69, 'casa', 'camara', 'mun-eco', 'B', '0'),
(70, 1, 70, 'perfume', 'carta', 'toalla', 'A', '0'),
(71, 1, 71, 'dieciocho', 'ventiocho', 'ocho', 'A', '0'),
(72, 1, 72, 'cuatro', 'cuarenta', 'catorce', 'B', '0'),
(73, 1, 73, 'cien', 'doscientos', 'veinte', 'A', '0'),
(74, 1, 74, 'quinientos', 'cincuenta', 'cinco', 'A', '0'),
(75, 1, 75, 'mil', 'cien', 'diez', 'A', '0'),
(76, 1, 76, 'parque', 'peluqueria', 'biblioteca', 'C', '0'),
(77, 1, 77, 'bodega', 'playa', 'discoteca', 'A', '0'),
(78, 1, 78, 'oficina', 'peluqueria', 'oficina', 'A', '0'),
(79, 1, 79, 'biblioteca', 'apartamento', 'iglesia', 'B', '0'),
(80, 1, 80, 'gimnasio', 'tienda', 'supermercado', 'C', '0'),
(81, 1, 81, 'gripe', 'malaria', 'asfixia', 'C', '0'),
(82, 1, 82, 'diarrea', 'sida', 'dolor', 'B', '0'),
(83, 1, 83, 'dolor', 'lepra', 'acne', 'A', '0'),
(84, 1, 84, 'cancer', 'acne', 'asma', 'B', '0'),
(85, 1, 85, 'tos', 'miopia', 'asma', 'C', '0'),
(86, 1, 86, 'calzones', 'abrigo', 'correa', 'B', '0'),
(87, 1, 87, 'calzones', 'camisa', 'sombrero', 'A', '0'),
(88, 1, 88, 'sombrero', 'guantes', 'corbata', 'A', '0'),
(89, 1, 89, 'pantalon', 'blusa', 'chaqueta', 'B', '0'),
(90, 1, 90, 'vestido', 'camisa', 'pantalon', 'A', '0'),
(91, 1, 91, 'ginecologo', 'chef', 'obispo', 'A', '0'),
(92, 1, 92, 'obispo', 'jardinero', 'panadero', 'A', '0'),
(93, 1, 93, 'secretaria', 'cientifico', 'profesor', 'A', '0'),
(94, 1, 94, 'auditor', 'oftalmologo', 'barbero', 'B', '0'),
(95, 1, 95, 'vendedor', 'presidente', 'ministro', 'C', '0'),
(96, 1, 96, 'amable', 'responsable', 'leal', 'A', '0'),
(97, 1, 97, 'responsable', 'respetar', 'amable', 'B', '0'),
(98, 1, 98, 'responsable', 'leal', 'autonomo', 'B', '0'),
(99, 1, 99, 'simpatico', 'leal', 'paciencia', 'A', '0'),
(100, 1, 100, 'autonomo', 'paciencia', 'simpatico', 'A', '0'),
(101, 1, 101, 'papa', 'mama', 'abuela', 'B', '0'),
(102, 1, 102, 'abuela', 'mamá', 'hermana', 'A', '0'),
(103, 1, 103, 'primo', 'tio', 'nieto', 'C', '0'),
(104, 1, 104, 'primo', 'tio', 'hermana', 'A', '0'),
(105, 1, 105, 'primo', 'sobrino', 'hermano', 'B', '0'),
(106, 1, 106, 'hablar', 'salir', 'pagar', 'B', '0'),
(107, 1, 107, 'visitar', 'olvidar', 'despertar', 'B', '0'),
(108, 1, 108, 'salvar', 'acompañar', 'respetar', 'C', '0'),
(109, 1, 109, 'nadar', 'adiestrar', 'correr', 'A', '0'),
(110, 1, 110, 'autorizar', 'abandonar', 'extrañar', 'C', '0'),
(111, 1, 111, 'evitar', 'comer', 'bromear', 'C', '0'),
(112, 1, 112, 'ver', 'acompañar', 'ver', 'A', '0'),
(113, 1, 113, 'despertar', 'obedecer', 'cambiar', 'B', '0'),
(114, 1, 114, 'autorizar', 'cantar', 'arreglar', 'C', '0'),
(115, 1, 115, 'pensar', 'caminar', 'dibujar', 'A', '0'),
(116, 1, 116, 'dónde queda?', 'qué?', 'cuánto?', 'A', '0'),
(117, 1, 117, 'quién?', 'cuánto?', 'cómo está?', 'C', '0'),
(118, 1, 118, 'quién?', 'por qué?', 'cuándo?', 'C', '0'),
(119, 1, 119, 'qué pasó?', 'qué es eso?', 'cuánto?', 'B', '0'),
(120, 1, 120, 'qué pasó?', 'por qué?', 'qué?', 'A', '0'),
(1081, 16, 1, 'aguacate', 'tomate', 'limon', 'A', '0'),
(1082, 16, 2, 'guayaba', 'papaya', 'durazno', 'B', '0'),
(1083, 16, 3, 'mora', 'guayaba', 'tomate', 'A', '0'),
(1084, 16, 4, 'banano', 'pera', 'uva', 'B', '0'),
(1085, 16, 5, 'pin-a', 'manzana', 'guayaba', 'C', '0'),
(1086, 16, 6, 'habichuela', 'platano', 'zanahoria', 'B', '0'),
(1087, 16, 7, 'mazorca', 'platano', 'cebolla', 'C', '0'),
(1088, 16, 8, 'habichuela', 'yuca', 'ajo', 'A', '0'),
(1089, 16, 9, 'mazorca', 'sal', 'ajo', 'A', '0'),
(1090, 16, 10, 'habichuela', 'carne', 'ajo', 'C', '0'),
(1091, 16, 11, 'mazorca', 'carne', 'sal', 'C', '0'),
(1092, 16, 12, 'chocolate', 'carne', 'cerveza', 'B', '0'),
(1093, 16, 13, 'chocolate', 'platano', 'cerveza', 'C', '0'),
(1094, 16, 14, 'chocolate', 'te', 'gaseosa', 'A', '0'),
(1095, 16, 15, 'te', 'chocolate', 'gaseosa', 'A', '0'),
(1096, 16, 16, 'lunes', 'domingo', 'jueves', 'A', 'A'),
(1097, 16, 17, 'jueves', 'martes', 'miércoles', 'C', 'B'),
(1098, 16, 18, 'lunes', 'sabado', 'viernes', 'C', 'C'),
(1099, 16, 19, 'miércoles', 'domingo', 'viernes', 'B', 'B'),
(1100, 16, 20, 'martes', 'miercoles', 'jueves', 'C', 'C'),
(1101, 16, 21, 'diciembre', 'mayo', 'marzo', 'C', '0'),
(1102, 16, 22, 'enero', 'junio', 'abril', 'B', '0'),
(1103, 16, 23, 'octubre', 'agosto', 'julio', 'A', '0'),
(1104, 16, 24, 'marzo', 'noviembre', 'septiembre', 'B', '0'),
(1105, 16, 25, 'septiembre', 'noviembre', 'diciembre', 'C', '0'),
(1106, 16, 26, 'k', 'h', 'd', 'c', '0'),
(1107, 16, 27, 'i', 'h', 'a', 'b', '0'),
(1108, 16, 28, 'x', 'b', 'k', 'c', '0'),
(1109, 16, 29, 'r', 's', 'f', 'a', '0'),
(1110, 16, 30, 'w', 'm', 't', 'a', '0'),
(1111, 16, 31, 'u', 'a', 'e', 'a', '0'),
(1112, 16, 32, 'u', 'a', 'e', 'b', '0'),
(1113, 16, 33, 'e', 'o', 'i', 'b', '0'),
(1114, 16, 34, 'i', 'a', 'e', 'c', '0'),
(1115, 16, 35, 'i', 'o', 'u', 'a', '0'),
(1116, 16, 36, 'b', 'g', 'j', 'b', '0'),
(1117, 16, 37, 'm', 'h', 'n', 'a', '0'),
(1118, 16, 38, 's', 't', 'g', 'a', '0'),
(1119, 16, 39, 'm', 'n', 'w', 'c', '0'),
(1120, 16, 40, 't', 'z', 'i', 'b', '0'),
(1121, 16, 41, 'oviparos', 'oxigeno', 'mamiferos', 'B', '0'),
(1122, 16, 42, 'invertebrados', 'arbol', 'celula', 'A', '0'),
(1123, 16, 43, 'reptiles', 'celula', 'embrion', 'A', '0'),
(1124, 16, 44, 'atomo', 'nucleo', 'genotipo', 'C', '0'),
(1125, 16, 45, 'molecula', 'anelidos', 'proton', 'C', '0'),
(1126, 16, 46, 'ojos', 'cara', 'hombro', 'A', '0'),
(1127, 16, 47, 'pies', 'higado', 'pierna', 'A', '0'),
(1128, 16, 48, 'cara', 'retina', 'glándulas', 'C', '0'),
(1129, 16, 49, 'párpados', 'cejas', 'dedos', 'C', '0'),
(1130, 16, 50, 'pierna', 'dedos', 'mano', 'A', '0'),
(1131, 16, 51, 'gusanos', 'celenteros', 'artrópodos', 'B', '0'),
(1132, 16, 52, 'celenteros', 'artrópodos', 'gusanos', 'B', '0'),
(1133, 16, 53, 'equinodermos', 'artrópodos', 'gusanos', 'C', '0'),
(1134, 16, 54, 'moluscos', 'artrópodos', 'gusanos', 'A', '0'),
(1135, 16, 55, 'artrópodos', 'equinodermos', 'celenteros', 'B', '0'),
(1136, 16, 56, 'gorila', 'pollo', 'burro', 'A', '0'),
(1137, 16, 57, 'cabra', 'pajaro', 'jaguar', 'C', '0'),
(1138, 16, 58, 'caballo', 'gusano', 'canguro', 'B', '0'),
(1139, 16, 59, 'vaca', 'perro', 'camello', 'A', '0'),
(1140, 16, 60, 'canguro', 'gato', 'burro', 'A', '0'),
(1141, 16, 61, 'azul', 'rojo', 'amarillo', 'C', '0'),
(1142, 16, 62, 'verde', 'rojo', 'negro', 'B', '0'),
(1143, 16, 63, 'gris', 'rojo', 'verde', 'C', '0'),
(1144, 16, 64, 'gris', 'blanco', 'negro', 'A', '0'),
(1145, 16, 65, 'azul', 'blanco', 'amarillo', 'B', '0'),
(1146, 16, 66, 'plancha', 'boleta', 'termómetro', 'A', '0'),
(1147, 16, 67, 'lapiz_labial', 'cadena', 'candado', 'B', '0'),
(1148, 16, 68, 'lapiz_labial', 'espejo', 'pincel', 'A', '0'),
(1149, 16, 69, 'casa', 'camara', 'mun-eco', 'B', '0'),
(1150, 16, 70, 'perfume', 'carta', 'toalla', 'A', '0'),
(1151, 16, 71, 'dieciocho', 'ventiocho', 'ocho', 'A', '0'),
(1152, 16, 72, 'cuatro', 'cuarenta', 'catorce', 'B', '0'),
(1153, 16, 73, 'cien', 'doscientos', 'veinte', 'A', '0'),
(1154, 16, 74, 'quinientos', 'cincuenta', 'cinco', 'A', '0'),
(1155, 16, 75, 'mil', 'cien', 'diez', 'A', '0'),
(1156, 16, 76, 'parque', 'peluqueria', 'biblioteca', 'C', '0'),
(1157, 16, 77, 'bodega', 'playa', 'discoteca', 'A', '0'),
(1158, 16, 78, 'oficina', 'peluqueria', 'oficina', 'A', '0'),
(1159, 16, 79, 'biblioteca', 'apartamento', 'iglesia', 'B', '0'),
(1160, 16, 80, 'gimnasio', 'tienda', 'supermercado', 'C', '0'),
(1161, 16, 81, 'gripe', 'malaria', 'asfixia', 'C', '0'),
(1162, 16, 82, 'diarrea', 'sida', 'dolor', 'B', '0'),
(1163, 16, 83, 'dolor', 'lepra', 'acne', 'A', '0'),
(1164, 16, 84, 'cancer', 'acne', 'asma', 'B', '0'),
(1165, 16, 85, 'tos', 'miopia', 'asma', 'C', '0'),
(1166, 16, 86, 'calzones', 'abrigo', 'correa', 'B', '0'),
(1167, 16, 87, 'calzones', 'camisa', 'sombrero', 'A', '0'),
(1168, 16, 88, 'sombrero', 'guantes', 'corbata', 'A', '0'),
(1169, 16, 89, 'pantalon', 'blusa', 'chaqueta', 'B', '0'),
(1170, 16, 90, 'vestido', 'camisa', 'pantalon', 'A', '0'),
(1171, 16, 91, 'ginecologo', 'chef', 'obispo', 'A', '0'),
(1172, 16, 92, 'obispo', 'jardinero', 'panadero', 'A', '0'),
(1173, 16, 93, 'secretaria', 'cientifico', 'profesor', 'A', '0'),
(1174, 16, 94, 'auditor', 'oftalmologo', 'barbero', 'B', '0'),
(1175, 16, 95, 'vendedor', 'presidente', 'ministro', 'C', '0'),
(1176, 16, 96, 'amable', 'responsable', 'leal', 'A', '0'),
(1177, 16, 97, 'responsable', 'respetar', 'amable', 'B', '0'),
(1178, 16, 98, 'responsable', 'leal', 'autonomo', 'B', '0'),
(1179, 16, 99, 'simpatico', 'leal', 'paciencia', 'A', '0'),
(1180, 16, 100, 'autonomo', 'paciencia', 'simpatico', 'A', '0'),
(1181, 16, 101, 'papa', 'mama', 'abuela', 'B', '0'),
(1182, 16, 102, 'abuela', 'mamá', 'hermana', 'A', '0'),
(1183, 16, 103, 'primo', 'tio', 'nieto', 'C', '0'),
(1184, 16, 104, 'primo', 'tio', 'hermana', 'A', '0'),
(1185, 16, 105, 'primo', 'sobrino', 'hermano', 'B', '0'),
(1186, 16, 106, 'hablar', 'salir', 'pagar', 'B', '0'),
(1187, 16, 107, 'visitar', 'olvidar', 'despertar', 'B', '0'),
(1188, 16, 108, 'salvar', 'acompañar', 'respetar', 'C', '0'),
(1189, 16, 109, 'nadar', 'adiestrar', 'correr', 'A', '0'),
(1190, 16, 110, 'autorizar', 'abandonar', 'extrañar', 'C', '0'),
(1191, 16, 111, 'evitar', 'comer', 'bromear', 'C', '0'),
(1192, 16, 112, 'ver', 'acompañar', 'ver', 'A', '0'),
(1193, 16, 113, 'despertar', 'obedecer', 'cambiar', 'B', '0'),
(1194, 16, 114, 'autorizar', 'cantar', 'arreglar', 'C', '0'),
(1195, 16, 115, 'pensar', 'caminar', 'dibujar', 'A', '0'),
(1196, 16, 116, 'dónde queda?', 'qué?', 'cuánto?', 'A', '0'),
(1197, 16, 117, 'quién?', 'cuánto?', 'cómo está?', 'C', '0'),
(1198, 16, 118, 'quién?', 'por qué?', 'cuándo?', 'C', '0'),
(1199, 16, 119, 'qué pasó?', 'qué es eso?', 'cuánto?', 'B', '0'),
(1200, 16, 120, 'qué pasó?', 'por qué?', 'qué?', 'A', '0');

-- --------------------------------------------------------

--
-- Estructura de tabla para la tabla `userevaluationb`
--

CREATE TABLE IF NOT EXISTS `userevaluationb` (
  `iduserevaluation` int(255) NOT NULL AUTO_INCREMENT,
  `iduser` int(255) DEFAULT NULL,
  `idEvaluation` int(255) DEFAULT NULL,
  `responsea` varchar(100) DEFAULT '0',
  `responseb` varchar(100) DEFAULT '0',
  `responsec` varchar(100) DEFAULT '0',
  PRIMARY KEY (`iduserevaluation`),
  KEY `UserforeignKeyEvaluationB` (`iduser`),
  KEY `EvaluationforeignKeyEvaluationB` (`idEvaluation`)
) ENGINE=InnoDB  DEFAULT CHARSET=latin1 AUTO_INCREMENT=1201 ;

--
-- Volcado de datos para la tabla `userevaluationb`
--

INSERT INTO `userevaluationb` (`iduserevaluation`, `iduser`, `idEvaluation`, `responsea`, `responseb`, `responsec`) VALUES
(1, 1, 1, '0', '0', '0'),
(2, 1, 2, '0', '0', '0'),
(3, 1, 3, '0', '0', '0'),
(4, 1, 4, '0', '0', '0'),
(5, 1, 5, '0', '0', '0'),
(6, 1, 6, '0', '0', '0'),
(7, 1, 7, '0', '0', '0'),
(8, 1, 8, '0', '0', '0'),
(9, 1, 9, '0', '0', '0'),
(10, 1, 10, '0', '0', '0'),
(11, 1, 11, '0', '0', '0'),
(12, 1, 12, '0', '0', '0'),
(13, 1, 13, '0', '0', '0'),
(14, 1, 14, '0', '0', '0'),
(15, 1, 15, '0', '0', '0'),
(16, 1, 16, '0', '0', '0'),
(17, 1, 17, '0', '0', '0'),
(18, 1, 18, '0', '0', '0'),
(19, 1, 19, '0', '0', '0'),
(20, 1, 20, '0', '0', '0'),
(21, 1, 21, '0', '0', '0'),
(22, 1, 22, '0', '0', '0'),
(23, 1, 23, '0', '0', '0'),
(24, 1, 24, '0', '0', '0'),
(25, 1, 25, '0', '0', '0'),
(26, 1, 26, '0', '0', '0'),
(27, 1, 27, '0', '0', '0'),
(28, 1, 28, '0', '0', '0'),
(29, 1, 29, '0', '0', '0'),
(30, 1, 30, '0', '0', '0'),
(31, 1, 31, 'asd', 'as', 'a'),
(32, 1, 32, 'Aa', 'Aa', 'Aa'),
(33, 1, 33, 'Oo', 'O', 'jdadd'),
(34, 1, 34, 'Ee', 'Ee', 'Ee'),
(35, 1, 35, 'Ii', 'Ii', 'Ii'),
(36, 1, 36, '0', '0', '0'),
(37, 1, 37, '0', '0', '0'),
(38, 1, 38, '0', '0', '0'),
(39, 1, 39, '0', '0', '0'),
(40, 1, 40, '0', '0', '0'),
(41, 1, 41, '0', '0', '0'),
(42, 1, 42, '0', '0', '0'),
(43, 1, 43, '0', '0', '0'),
(44, 1, 44, '0', '0', '0'),
(45, 1, 45, '0', '0', '0'),
(46, 1, 46, '0', '0', '0'),
(47, 1, 47, '0', '0', '0'),
(48, 1, 48, '0', '0', '0'),
(49, 1, 49, '0', '0', '0'),
(50, 1, 50, '0', '0', '0'),
(51, 1, 51, '0', '0', '0'),
(52, 1, 52, '0', '0', '0'),
(53, 1, 53, '0', '0', '0'),
(54, 1, 54, '0', '0', '0'),
(55, 1, 55, '0', '0', '0'),
(56, 1, 56, '0', '0', '0'),
(57, 1, 57, '0', '0', '0'),
(58, 1, 58, '0', '0', '0'),
(59, 1, 59, '0', '0', '0'),
(60, 1, 60, '0', '0', '0'),
(61, 1, 61, '0', '0', '0'),
(62, 1, 62, '0', '0', '0'),
(63, 1, 63, '0', '0', '0'),
(64, 1, 64, '0', '0', '0'),
(65, 1, 65, '0', '0', '0'),
(66, 1, 66, '0', '0', '0'),
(67, 1, 67, '0', '0', '0'),
(68, 1, 68, '0', '0', '0'),
(69, 1, 69, '0', '0', '0'),
(70, 1, 70, '0', '0', '0'),
(71, 1, 71, '0', '0', '0'),
(72, 1, 72, '0', '0', '0'),
(73, 1, 73, '0', '0', '0'),
(74, 1, 74, '0', '0', '0'),
(75, 1, 75, '0', '0', '0'),
(76, 1, 76, '0', '0', '0'),
(77, 1, 77, '0', '0', '0'),
(78, 1, 78, '0', '0', '0'),
(79, 1, 79, '0', '0', '0'),
(80, 1, 80, '0', '0', '0'),
(81, 1, 81, '0', '0', '0'),
(82, 1, 82, '0', '0', '0'),
(83, 1, 83, '0', '0', '0'),
(84, 1, 84, '0', '0', '0'),
(85, 1, 85, '0', '0', '0'),
(86, 1, 86, '0', '0', '0'),
(87, 1, 87, '0', '0', '0'),
(88, 1, 88, '0', '0', '0'),
(89, 1, 89, '0', '0', '0'),
(90, 1, 90, '0', '0', '0'),
(91, 1, 91, '0', '0', '0'),
(92, 1, 92, '0', '0', '0'),
(93, 1, 93, '0', '0', '0'),
(94, 1, 94, '0', '0', '0'),
(95, 1, 95, '0', '0', '0'),
(96, 1, 96, '0', '0', '0'),
(97, 1, 97, '0', '0', '0'),
(98, 1, 98, '0', '0', '0'),
(99, 1, 99, '0', '0', '0'),
(100, 1, 100, '0', '0', '0'),
(101, 1, 101, '0', '0', '0'),
(102, 1, 102, '0', '0', '0'),
(103, 1, 103, '0', '0', '0'),
(104, 1, 104, '0', '0', '0'),
(105, 1, 105, '0', '0', '0'),
(106, 1, 106, '0', '0', '0'),
(107, 1, 107, '0', '0', '0'),
(108, 1, 108, '0', '0', '0'),
(109, 1, 109, '0', '0', '0'),
(110, 1, 110, '0', '0', '0'),
(111, 1, 111, '0', '0', '0'),
(112, 1, 112, '0', '0', '0'),
(113, 1, 113, '0', '0', '0'),
(114, 1, 114, '0', '0', '0'),
(115, 1, 115, '0', '0', '0'),
(116, 1, 116, '0', '0', '0'),
(117, 1, 117, '0', '0', '0'),
(118, 1, 118, '0', '0', '0'),
(119, 1, 119, '0', '0', '0'),
(120, 1, 120, '0', '0', '0'),
(1081, 16, 1, '0', '0', '0'),
(1082, 16, 2, '0', '0', '0'),
(1083, 16, 3, '0', '0', '0'),
(1084, 16, 4, '0', '0', '0'),
(1085, 16, 5, '0', '0', '0'),
(1086, 16, 6, '0', '0', '0'),
(1087, 16, 7, '0', '0', '0'),
(1088, 16, 8, '0', '0', '0'),
(1089, 16, 9, '0', '0', '0'),
(1090, 16, 10, '0', '0', '0'),
(1091, 16, 11, '0', '0', '0'),
(1092, 16, 12, '0', '0', '0'),
(1093, 16, 13, '0', '0', '0'),
(1094, 16, 14, '0', '0', '0'),
(1095, 16, 15, '0', '0', '0'),
(1096, 16, 16, 'lunes', 'segunda-feira', 'monday'),
(1097, 16, 17, 'miércoles', 'quarta-feira', 'wednesday'),
(1098, 16, 18, 'viernes', 'sexta-feira', 'friday'),
(1099, 16, 19, 'domingo', 'domingo', 'sunday'),
(1100, 16, 20, 'jueves', 'quinta-feira', 'tuesday'),
(1101, 16, 21, '0', '0', '0'),
(1102, 16, 22, '0', '0', '0'),
(1103, 16, 23, '0', '0', '0'),
(1104, 16, 24, '0', '0', '0'),
(1105, 16, 25, '0', '0', '0'),
(1106, 16, 26, '0', '0', '0'),
(1107, 16, 27, '0', '0', '0'),
(1108, 16, 28, '0', '0', '0'),
(1109, 16, 29, '0', '0', '0'),
(1110, 16, 30, '0', '0', '0'),
(1111, 16, 31, '0', '0', '0'),
(1112, 16, 32, '0', '0', '0'),
(1113, 16, 33, '0', '0', '0'),
(1114, 16, 34, '0', '0', '0'),
(1115, 16, 35, '0', '0', '0'),
(1116, 16, 36, '0', '0', '0'),
(1117, 16, 37, '0', '0', '0'),
(1118, 16, 38, '0', '0', '0'),
(1119, 16, 39, '0', '0', '0'),
(1120, 16, 40, '0', '0', '0'),
(1121, 16, 41, '0', '0', '0'),
(1122, 16, 42, '0', '0', '0'),
(1123, 16, 43, '0', '0', '0'),
(1124, 16, 44, '0', '0', '0'),
(1125, 16, 45, '0', '0', '0'),
(1126, 16, 46, '0', '0', '0'),
(1127, 16, 47, '0', '0', '0'),
(1128, 16, 48, '0', '0', '0'),
(1129, 16, 49, '0', '0', '0'),
(1130, 16, 50, '0', '0', '0'),
(1131, 16, 51, '0', '0', '0'),
(1132, 16, 52, '0', '0', '0'),
(1133, 16, 53, '0', '0', '0'),
(1134, 16, 54, '0', '0', '0'),
(1135, 16, 55, '0', '0', '0'),
(1136, 16, 56, '0', '0', '0'),
(1137, 16, 57, '0', '0', '0'),
(1138, 16, 58, '0', '0', '0'),
(1139, 16, 59, '0', '0', '0'),
(1140, 16, 60, '0', '0', '0'),
(1141, 16, 61, '0', '0', '0'),
(1142, 16, 62, '0', '0', '0'),
(1143, 16, 63, '0', '0', '0'),
(1144, 16, 64, '0', '0', '0'),
(1145, 16, 65, '0', '0', '0'),
(1146, 16, 66, '0', '0', '0'),
(1147, 16, 67, '0', '0', '0'),
(1148, 16, 68, '0', '0', '0'),
(1149, 16, 69, '0', '0', '0'),
(1150, 16, 70, '0', '0', '0'),
(1151, 16, 71, '0', '0', '0'),
(1152, 16, 72, '0', '0', '0'),
(1153, 16, 73, '0', '0', '0'),
(1154, 16, 74, '0', '0', '0'),
(1155, 16, 75, '0', '0', '0'),
(1156, 16, 76, '0', '0', '0'),
(1157, 16, 77, '0', '0', '0'),
(1158, 16, 78, '0', '0', '0'),
(1159, 16, 79, '0', '0', '0'),
(1160, 16, 80, '0', '0', '0'),
(1161, 16, 81, '0', '0', '0'),
(1162, 16, 82, '0', '0', '0'),
(1163, 16, 83, '0', '0', '0'),
(1164, 16, 84, '0', '0', '0'),
(1165, 16, 85, '0', '0', '0'),
(1166, 16, 86, '0', '0', '0'),
(1167, 16, 87, '0', '0', '0'),
(1168, 16, 88, '0', '0', '0'),
(1169, 16, 89, '0', '0', '0'),
(1170, 16, 90, '0', '0', '0'),
(1171, 16, 91, '0', '0', '0'),
(1172, 16, 92, '0', '0', '0'),
(1173, 16, 93, '0', '0', '0'),
(1174, 16, 94, '0', '0', '0'),
(1175, 16, 95, '0', '0', '0'),
(1176, 16, 96, '0', '0', '0'),
(1177, 16, 97, '0', '0', '0'),
(1178, 16, 98, '0', '0', '0'),
(1179, 16, 99, '0', '0', '0'),
(1180, 16, 100, '0', '0', '0'),
(1181, 16, 101, '0', '0', '0'),
(1182, 16, 102, '0', '0', '0'),
(1183, 16, 103, '0', '0', '0'),
(1184, 16, 104, '0', '0', '0'),
(1185, 16, 105, '0', '0', '0'),
(1186, 16, 106, '0', '0', '0'),
(1187, 16, 107, '0', '0', '0'),
(1188, 16, 108, '0', '0', '0'),
(1189, 16, 109, '0', '0', '0'),
(1190, 16, 110, '0', '0', '0'),
(1191, 16, 111, '0', '0', '0'),
(1192, 16, 112, '0', '0', '0'),
(1193, 16, 113, '0', '0', '0'),
(1194, 16, 114, '0', '0', '0'),
(1195, 16, 115, '0', '0', '0'),
(1196, 16, 116, '0', '0', '0'),
(1197, 16, 117, '0', '0', '0'),
(1198, 16, 118, '0', '0', '0'),
(1199, 16, 119, '0', '0', '0'),
(1200, 16, 120, '0', '0', '0');

--
-- Restricciones para tablas volcadas
--

--
-- Filtros para la tabla `activity`
--
ALTER TABLE `activity`
  ADD CONSTRAINT `categoryForeignKeyActivity` FOREIGN KEY (`category`) REFERENCES `category` (`idCategory`) ON DELETE NO ACTION ON UPDATE CASCADE;

--
-- Filtros para la tabla `audiobyitem`
--
ALTER TABLE `audiobyitem`
  ADD CONSTRAINT `itemForeignKeyAudio` FOREIGN KEY (`item`) REFERENCES `item` (`idItem`) ON DELETE NO ACTION ON UPDATE CASCADE;

--
-- Filtros para la tabla `evaluation`
--
ALTER TABLE `evaluation`
  ADD CONSTRAINT `activityItemForeignKeyEvaluation` FOREIGN KEY (`activityitem`) REFERENCES `itembyactivity` (`iditembyactivity`) ON DELETE NO ACTION ON UPDATE CASCADE;

--
-- Filtros para la tabla `image`
--
ALTER TABLE `image`
  ADD CONSTRAINT `itemForeignKeyImage` FOREIGN KEY (`item`) REFERENCES `item` (`idItem`) ON DELETE NO ACTION ON UPDATE CASCADE;

--
-- Filtros para la tabla `itembyactivity`
--
ALTER TABLE `itembyactivity`
  ADD CONSTRAINT `activityForeignKeyitemByActivity` FOREIGN KEY (`activity`) REFERENCES `activity` (`idActivity`) ON DELETE NO ACTION ON UPDATE CASCADE,
  ADD CONSTRAINT `itemForeignKeyitemByActivity` FOREIGN KEY (`item`) REFERENCES `item` (`idItem`) ON DELETE NO ACTION ON UPDATE CASCADE;

--
-- Filtros para la tabla `itemperformeduser`
--
ALTER TABLE `itemperformeduser`
  ADD CONSTRAINT `idItemForeignKeyitemPerformedUser` FOREIGN KEY (`iditembyactivity`) REFERENCES `itembyactivity` (`iditembyactivity`) ON DELETE NO ACTION ON UPDATE CASCADE,
  ADD CONSTRAINT `iduserForeignKeyitemPerformedUser` FOREIGN KEY (`iduser`) REFERENCES `user` (`iduser`) ON DELETE NO ACTION ON UPDATE CASCADE;

--
-- Filtros para la tabla `sign`
--
ALTER TABLE `sign`
  ADD CONSTRAINT `itemForeignKeySign` FOREIGN KEY (`item`) REFERENCES `item` (`idItem`) ON DELETE NO ACTION ON UPDATE CASCADE;

--
-- Filtros para la tabla `userevaluation`
--
ALTER TABLE `userevaluation`
  ADD CONSTRAINT `evaluationforeignkey` FOREIGN KEY (`idEvaluation`) REFERENCES `evaluation` (`idEvaluation`) ON DELETE NO ACTION ON UPDATE CASCADE,
  ADD CONSTRAINT `userforeignkey` FOREIGN KEY (`iduser`) REFERENCES `user` (`iduser`) ON DELETE NO ACTION ON UPDATE CASCADE;

--
-- Filtros para la tabla `userevaluationb`
--
ALTER TABLE `userevaluationb`
  ADD CONSTRAINT `EvaluationforeignKeyEvaluationB` FOREIGN KEY (`idEvaluation`) REFERENCES `evaluation` (`idEvaluation`) ON DELETE NO ACTION ON UPDATE CASCADE,
  ADD CONSTRAINT `UserforeignKeyEvaluationB` FOREIGN KEY (`iduser`) REFERENCES `user` (`iduser`) ON DELETE NO ACTION ON UPDATE CASCADE;

/*!40101 SET CHARACTER_SET_CLIENT=@OLD_CHARACTER_SET_CLIENT */;
/*!40101 SET CHARACTER_SET_RESULTS=@OLD_CHARACTER_SET_RESULTS */;
/*!40101 SET COLLATION_CONNECTION=@OLD_COLLATION_CONNECTION */;
